-- Adminer 4.7.4 MySQL dump

SET NAMES utf8;
SET time_zone = '+00:00';
SET foreign_key_checks = 0;
SET sql_mode = 'NO_AUTO_VALUE_ON_ZERO';

SET NAMES utf8mb4;

TRUNCATE `dashboard`;
INSERT INTO `dashboard` (`dashboard_id`, `year`, `month`, `date`, `report_count`, `suggestion_count`, `mall_count`, `review_count`, `user_count`) VALUES
(2,	'2021',	7,	4,	3,	5,	1,	2,	1),
(3,	'2021',	7,	5,	4,	7,	3,	6,	6),
(4,	'2021',	7,	6,	5,	12,	18,	22,	11);

TRUNCATE `file`;
INSERT INTO `file` (`file_id`, `index`, `path`, `original_name`, `file_folder_id`, `uploader`, `size`, `extension`, `date_create`, `checksum`) VALUES
('00097916-ff64-4f14-8366-632e1ca95bab',	162,	'https://hbjs-kuchelin-guide.s3.ap-northeast-2.amazonaws.com/c04a75ad-e25a-42d2-a79e-db303bdbc2a6/00097916-ff64-4f14-8366-632e1ca95bab',	'cron.png',	'c04a75ad-e25a-42d2-a79e-db303bdbc2a6',	'baf438da-db58-45aa-9032-6ad26597e7bb',	'5395',	'png',	'2021-07-29 21:33:08',	NULL),
('0041cfa3-a9c6-4e26-ae58-c0c1fa4b0706',	143,	'https://hbjs-kuchelin-guide.s3.ap-northeast-2.amazonaws.com/49a719c6-8fea-4305-96ba-c57041f58493/0041cfa3-a9c6-4e26-ae58-c0c1fa4b0706',	'container.jpg',	'49a719c6-8fea-4305-96ba-c57041f58493',	'baf438da-db58-45aa-9032-6ad26597e7bb',	'25718',	'jpg',	'2021-07-29 21:29:01',	NULL),
('0464497e-c7b7-47bd-bcff-37ae2d26cfca',	125,	'https://hbjs-kuchelin-guide.s3.ap-northeast-2.amazonaws.com/60731480-04b5-4893-b113-628756ebb2d7/0464497e-c7b7-47bd-bcff-37ae2d26cfca',	'D0462BE1-E0BA-40BE-B11E-B0813DC42132.jpeg',	'60731480-04b5-4893-b113-628756ebb2d7',	'407424b7-0c25-4fbe-bfe0-4654b1f88675',	'204112',	'jpeg',	'2021-07-28 22:03:06',	NULL),
('0598d486-9793-44c9-b0cf-8985da201c5f',	168,	'https://hbjs-kuchelin-guide.s3.ap-northeast-2.amazonaws.com/8d5c279b-9713-4e92-ba5b-14a996753609/0598d486-9793-44c9-b0cf-8985da201c5f',	'078BAEA1-4EF4-4770-A06E-6825B24D4300.jpeg',	'8d5c279b-9713-4e92-ba5b-14a996753609',	'670d78c0-b16b-4bfc-a6b9-996b05d90e25',	'1420855',	'jpeg',	'2021-08-02 00:32:28',	NULL),
('084df47a-ccdd-476f-a48b-b70134da8e8f',	115,	'https://hbjs-kuchelin-guide.s3.ap-northeast-2.amazonaws.com/edc66168-0df6-48a5-b50f-9d641bf17ba7/084df47a-ccdd-476f-a48b-b70134da8e8f',	'A1C35999-7586-4029-9870-B40386B8F9C2.jpeg',	'edc66168-0df6-48a5-b50f-9d641bf17ba7',	'960a8995-ab14-470c-b606-7afaec5f8a9f',	'379149',	'jpeg',	'2021-07-24 23:10:16',	NULL),
('0c144b32-1bc9-4fda-859a-f01019922188',	152,	'https://hbjs-kuchelin-guide.s3.ap-northeast-2.amazonaws.com/189c0518-5f06-4fd5-a62c-d0f8a092ff61/0c144b32-1bc9-4fda-859a-f01019922188',	'cron.png',	'189c0518-5f06-4fd5-a62c-d0f8a092ff61',	'baf438da-db58-45aa-9032-6ad26597e7bb',	'5395',	'png',	'2021-07-29 21:29:44',	NULL),
('13c59ad5-e217-4967-b651-0599fb5c37e6',	192,	'https://hbjs-kuchelin-guide.s3.ap-northeast-2.amazonaws.com/0bfa8deb-2435-4061-bcb2-113526e453d9/13c59ad5-e217-4967-b651-0599fb5c37e6',	'0C68EE93-7142-4FDC-A575-6BC39EB7CB77.jpeg',	'0bfa8deb-2435-4061-bcb2-113526e453d9',	'670d78c0-b16b-4bfc-a6b9-996b05d90e25',	'1043018',	'jpeg',	'2021-08-11 12:27:28',	NULL),
('16c3dd22-9127-43c9-a083-ae0037b99498',	97,	'https://hbjs-kuchelin-guide.s3.ap-northeast-2.amazonaws.com/99d8a537-cb2f-4458-9732-142bb2378574/16c3dd22-9127-43c9-a083-ae0037b99498',	'01FE2B12-E6FF-42B0-A9DF-EE750DB12E5D.jpeg',	'99d8a537-cb2f-4458-9732-142bb2378574',	'5544fa0e-639a-4536-a811-36b1b11ad743',	'122470',	'jpeg',	'2021-07-20 21:37:57',	NULL),
('18c69f2d-e1e4-443c-9969-cf6294c458c6',	167,	'https://hbjs-kuchelin-guide.s3.ap-northeast-2.amazonaws.com/ad7f19b3-0b0f-454e-928c-f2a2d0bf61bc/18c69f2d-e1e4-443c-9969-cf6294c458c6',	'27B1D93E-4D65-4C9D-A207-23516659D9F3.jpeg',	'ad7f19b3-0b0f-454e-928c-f2a2d0bf61bc',	'670d78c0-b16b-4bfc-a6b9-996b05d90e25',	'1420855',	'jpeg',	'2021-08-01 16:42:49',	NULL),
('1c137fdd-550d-42f0-8769-59adec42953b',	100,	'https://hbjs-kuchelin-guide.s3.ap-northeast-2.amazonaws.com/0840ef43-ffbd-4b19-bab6-bac91787e136/1c137fdd-550d-42f0-8769-59adec42953b',	'AA9382A0-A5EC-4876-80AC-B4DA705647BB.jpeg',	'0840ef43-ffbd-4b19-bab6-bac91787e136',	'8c95df30-d381-4c3a-b831-68c0daeb3a3b',	'993960',	'jpeg',	'2021-07-20 22:59:50',	NULL),
('1de5aaec-0019-4319-953f-5e6dfc1ea065',	181,	'https://hbjs-kuchelin-guide.s3.ap-northeast-2.amazonaws.com/55334e99-ca4c-4f84-ba12-5f98c3d7e296/1de5aaec-0019-4319-953f-5e6dfc1ea065',	'container.jpg',	'55334e99-ca4c-4f84-ba12-5f98c3d7e296',	'baf438da-db58-45aa-9032-6ad26597e7bb',	'25718',	'jpg',	'2021-08-08 20:06:02',	NULL),
('21935c85-c81b-4c7a-8d6a-721b8487aeca',	180,	'https://hbjs-kuchelin-guide.s3.ap-northeast-2.amazonaws.com/b7aad4a4-148d-4f0d-a22a-e0c4ad8d5e7f/21935c85-c81b-4c7a-8d6a-721b8487aeca',	'cron.png',	'b7aad4a4-148d-4f0d-a22a-e0c4ad8d5e7f',	'baf438da-db58-45aa-9032-6ad26597e7bb',	'5395',	'png',	'2021-08-08 20:05:36',	NULL),
('21e98692-b427-4140-8df3-d775207ba039',	106,	'https://hbjs-kuchelin-guide.s3.ap-northeast-2.amazonaws.com/dd7565b1-3f27-4231-ab64-76df4d0dc6fd/21e98692-b427-4140-8df3-d775207ba039',	'1684282E-C8A7-4064-B16B-852B603CFE18.jpeg',	'dd7565b1-3f27-4231-ab64-76df4d0dc6fd',	'bfece06b-a964-4f79-a2aa-e4101ee47d76',	'122470',	'jpeg',	'2021-07-21 12:50:51',	NULL),
('252d12d6-079e-4d12-852a-2ee91d851eb0',	193,	'https://hbjs-kuchelin-guide.s3.ap-northeast-2.amazonaws.com/08cf05ca-1351-4b43-9853-c52e8ef1ded3/252d12d6-079e-4d12-852a-2ee91d851eb0',	'container.jpg',	'08cf05ca-1351-4b43-9853-c52e8ef1ded3',	'adaa3308-1025-49b0-9d9f-f98fc94543d1',	'25718',	'jpg',	'2021-08-15 20:22:27',	NULL),
('277121e2-80be-4b47-8222-17db8b10c172',	123,	'https://hbjs-kuchelin-guide.s3.ap-northeast-2.amazonaws.com/4e1cec21-e5ce-470e-96c3-3f460071141d/277121e2-80be-4b47-8222-17db8b10c172',	'8BA3CC6F-F42D-43A0-BDF5-33CB7A46AB9E.jpeg',	'4e1cec21-e5ce-470e-96c3-3f460071141d',	'407424b7-0c25-4fbe-bfe0-4654b1f88675',	'858684',	'jpeg',	'2021-07-28 22:01:18',	NULL),
('2a5cbf65-486b-4eb3-aa7e-a6f04d3025b2',	146,	'https://hbjs-kuchelin-guide.s3.ap-northeast-2.amazonaws.com/9a588bc0-5c79-445c-8689-23b302bf1e4b/2a5cbf65-486b-4eb3-aa7e-a6f04d3025b2',	'cron.png',	'9a588bc0-5c79-445c-8689-23b302bf1e4b',	'baf438da-db58-45aa-9032-6ad26597e7bb',	'5395',	'png',	'2021-07-29 21:29:11',	NULL),
('2c8ac96e-fbad-46ea-b408-79089fba47cf',	170,	'https://hbjs-kuchelin-guide.s3.ap-northeast-2.amazonaws.com/8c1d5671-3e43-4fac-bfdf-fcfde1344e9e/2c8ac96e-fbad-46ea-b408-79089fba47cf',	'4E150614-B106-459F-B0CB-C5FFFD7DC422.jpeg',	'8c1d5671-3e43-4fac-bfdf-fcfde1344e9e',	'670d78c0-b16b-4bfc-a6b9-996b05d90e25',	'718930',	'jpeg',	'2021-08-02 20:02:24',	NULL),
('2f41067d-8a56-454f-a3f9-a2797843f208',	200,	'https://hbjs-kuchelin-guide.s3.ap-northeast-2.amazonaws.com/ec3131d0-d44c-492f-becb-a028239fd072/2f41067d-8a56-454f-a3f9-a2797843f208',	'container.jpg',	'ec3131d0-d44c-492f-becb-a028239fd072',	'50e68935-168c-4f6b-b0e1-d7be1cbf91c7',	'25718',	'jpg',	'2021-08-15 21:44:19',	NULL),
('306cd464-5412-4709-8e45-1ab666b456cb',	116,	'https://hbjs-kuchelin-guide.s3.ap-northeast-2.amazonaws.com/d82e5f86-ac79-4611-8b82-2c73c0363098/306cd464-5412-4709-8e45-1ab666b456cb',	'A6206142-018F-4D25-81FE-70DE49E29FB7.jpeg',	'd82e5f86-ac79-4611-8b82-2c73c0363098',	'960a8995-ab14-470c-b606-7afaec5f8a9f',	'650586',	'jpeg',	'2021-07-25 12:49:56',	NULL),
('3392d56a-cdcd-45d4-991d-25fd297dd9aa',	195,	'https://hbjs-kuchelin-guide.s3.ap-northeast-2.amazonaws.com/8ea9ee87-a408-4bea-8ec9-d442585e4b5b/3392d56a-cdcd-45d4-991d-25fd297dd9aa',	'container.jpg',	'8ea9ee87-a408-4bea-8ec9-d442585e4b5b',	'00e64e57-083c-45bd-8912-8b0e38906198',	'25718',	'jpg',	'2021-08-15 20:47:53',	NULL),
('3635a6f9-b020-40d1-8481-3601b94a5b38',	126,	'https://hbjs-kuchelin-guide.s3.ap-northeast-2.amazonaws.com/75b13d25-dd55-4fe1-bb50-9b1bf9b8a041/3635a6f9-b020-40d1-8481-3601b94a5b38',	'F0C22CC8-BD2A-4447-882A-F2B6DBD647AD.jpeg',	'75b13d25-dd55-4fe1-bb50-9b1bf9b8a041',	'407424b7-0c25-4fbe-bfe0-4654b1f88675',	'932386',	'jpeg',	'2021-07-28 22:03:33',	NULL),
('36fd3376-fc50-44ae-bf3d-f658fb0193fa',	101,	'https://hbjs-kuchelin-guide.s3.ap-northeast-2.amazonaws.com/268465d8-5e51-49c3-9d2b-7d7a83130ef2/36fd3376-fc50-44ae-bf3d-f658fb0193fa',	'548A2536-DFE8-456B-8CF0-627D9B35C314.jpeg',	'268465d8-5e51-49c3-9d2b-7d7a83130ef2',	'bfece06b-a964-4f79-a2aa-e4101ee47d76',	'1614710',	'jpeg',	'2021-07-20 23:25:25',	NULL),
('37ba36ae-eab4-42eb-a3eb-9a2f88f314f1',	99,	'https://hbjs-kuchelin-guide.s3.ap-northeast-2.amazonaws.com/2d8a89fa-eb1e-46bc-b639-f9bb43aea318/37ba36ae-eab4-42eb-a3eb-9a2f88f314f1',	'C2F556FF-9AC7-409B-BE07-CBB2EC346D05.jpeg',	'2d8a89fa-eb1e-46bc-b639-f9bb43aea318',	'8c95df30-d381-4c3a-b831-68c0daeb3a3b',	'122470',	'jpeg',	'2021-07-20 22:19:07',	NULL),
('38a36222-c2ec-423c-b266-4ec09a636337',	138,	'https://hbjs-kuchelin-guide.s3.ap-northeast-2.amazonaws.com/2a0935aa-e907-40e3-80a1-0708a997cd19/38a36222-c2ec-423c-b266-4ec09a636337',	'cron.png',	'2a0935aa-e907-40e3-80a1-0708a997cd19',	'baf438da-db58-45aa-9032-6ad26597e7bb',	'5395',	'png',	'2021-07-29 21:00:12',	NULL),
('392ed2ce-3d44-4c6c-826c-0b293608f3c6',	198,	'https://hbjs-kuchelin-guide.s3.ap-northeast-2.amazonaws.com/7a1bbcf1-1242-45a9-8b27-a3f3adec0a5a/392ed2ce-3d44-4c6c-826c-0b293608f3c6',	'container.jpg',	'7a1bbcf1-1242-45a9-8b27-a3f3adec0a5a',	'358a59a9-4f36-44d0-ab78-a1aa027ecd36',	'25718',	'jpg',	'2021-08-15 21:32:25',	NULL),
('41982061-fa35-42ed-b3e1-42c468e2c187',	128,	'https://hbjs-kuchelin-guide.s3.ap-northeast-2.amazonaws.com/9c9b2f26-b376-41ec-85b6-005762158f2f/41982061-fa35-42ed-b3e1-42c468e2c187',	'C6318BDE-5D64-4950-B63A-20048CD2DC24.jpeg',	'9c9b2f26-b376-41ec-85b6-005762158f2f',	'407424b7-0c25-4fbe-bfe0-4654b1f88675',	'932386',	'jpeg',	'2021-07-28 22:25:47',	NULL),
('43fff582-59e1-450f-9ab0-4cc2fcb73651',	188,	'https://hbjs-kuchelin-guide.s3.ap-northeast-2.amazonaws.com/065561d4-050c-4841-b659-40d38e083596/43fff582-59e1-450f-9ab0-4cc2fcb73651',	'cron.png',	'065561d4-050c-4841-b659-40d38e083596',	'670d78c0-b16b-4bfc-a6b9-996b05d90e25',	'5395',	'png',	'2021-08-08 20:56:33',	NULL),
('44dfbd1e-c65a-4a81-bb3f-c5331db0ba07',	137,	'https://hbjs-kuchelin-guide.s3.ap-northeast-2.amazonaws.com/2a0935aa-e907-40e3-80a1-0708a997cd19/44dfbd1e-c65a-4a81-bb3f-c5331db0ba07',	'container.jpg',	'2a0935aa-e907-40e3-80a1-0708a997cd19',	'baf438da-db58-45aa-9032-6ad26597e7bb',	'25718',	'jpg',	'2021-07-29 21:00:12',	NULL),
('44e0040b-5c84-460a-83fa-22d6cf74211c',	179,	'https://hbjs-kuchelin-guide.s3.ap-northeast-2.amazonaws.com/b7aad4a4-148d-4f0d-a22a-e0c4ad8d5e7f/44e0040b-5c84-460a-83fa-22d6cf74211c',	'container.jpg',	'b7aad4a4-148d-4f0d-a22a-e0c4ad8d5e7f',	'baf438da-db58-45aa-9032-6ad26597e7bb',	'25718',	'jpg',	'2021-08-08 20:05:36',	NULL),
('45820870-94c4-490d-97e5-d378ed7e9026',	171,	'https://hbjs-kuchelin-guide.s3.ap-northeast-2.amazonaws.com/d25791fd-5ded-4e8d-bb2d-9de7dcb4710b/45820870-94c4-490d-97e5-d378ed7e9026',	'396B44E5-F174-4D5E-8CEE-3640A4BB01DF.jpeg',	'd25791fd-5ded-4e8d-bb2d-9de7dcb4710b',	'670d78c0-b16b-4bfc-a6b9-996b05d90e25',	'821095',	'jpeg',	'2021-08-03 17:54:43',	NULL),
('4a8281f8-2cba-404e-bcd3-ee66c0da694d',	191,	'https://hbjs-kuchelin-guide.s3.ap-northeast-2.amazonaws.com/0bfa8deb-2435-4061-bcb2-113526e453d9/4a8281f8-2cba-404e-bcd3-ee66c0da694d',	'578B1D47-67A2-445E-85A7-65073717B309.jpeg',	'0bfa8deb-2435-4061-bcb2-113526e453d9',	'670d78c0-b16b-4bfc-a6b9-996b05d90e25',	'973896',	'jpeg',	'2021-08-11 12:27:28',	NULL),
('4da49149-f8f9-4e02-83e2-c503ddacaec2',	197,	'https://hbjs-kuchelin-guide.s3.ap-northeast-2.amazonaws.com/817575e1-c139-4a7b-8243-e71747b76bde/4da49149-f8f9-4e02-83e2-c503ddacaec2',	'container.jpg',	'817575e1-c139-4a7b-8243-e71747b76bde',	'040b4d1f-e704-4e75-9ab7-f6fa55a19818',	'25718',	'jpg',	'2021-08-15 21:18:34',	NULL),
('52205d43-bc10-4f39-b5ac-2e6d69bc0d18',	122,	'https://hbjs-kuchelin-guide.s3.ap-northeast-2.amazonaws.com/32d8d2b4-52e8-4747-be88-838b66fcb361/52205d43-bc10-4f39-b5ac-2e6d69bc0d18',	'E42354FE-4B8A-401F-90F4-D5452C3FFE45.jpeg',	'32d8d2b4-52e8-4747-be88-838b66fcb361',	'8f4977ae-077b-43c3-a0c5-d4e20c04008b',	'939411',	'jpeg',	'2021-07-27 12:24:56',	NULL),
('5acc7dc8-be01-4e12-9636-bb53e5f834c3',	98,	'https://hbjs-kuchelin-guide.s3.ap-northeast-2.amazonaws.com/2d8a89fa-eb1e-46bc-b639-f9bb43aea318/5acc7dc8-be01-4e12-9636-bb53e5f834c3',	'A47DFC2C-DDE4-48D3-82E5-BF542095B1B9.jpeg',	'2d8a89fa-eb1e-46bc-b639-f9bb43aea318',	'8c95df30-d381-4c3a-b831-68c0daeb3a3b',	'79790',	'jpeg',	'2021-07-20 22:19:07',	NULL),
('5ccfdb1e-537b-4b8a-b3f5-2111f21ed03a',	196,	'https://hbjs-kuchelin-guide.s3.ap-northeast-2.amazonaws.com/eadb23c0-f599-42e6-b907-ff24167f2167/5ccfdb1e-537b-4b8a-b3f5-2111f21ed03a',	'container.jpg',	'eadb23c0-f599-42e6-b907-ff24167f2167',	'ccd20e92-b335-403b-95fd-7a9717f84b06',	'25718',	'jpg',	'2021-08-15 20:52:04',	NULL),
('5d81e8fa-efd7-423b-a666-aa799b43a2e5',	187,	'https://hbjs-kuchelin-guide.s3.ap-northeast-2.amazonaws.com/065561d4-050c-4841-b659-40d38e083596/5d81e8fa-efd7-423b-a666-aa799b43a2e5',	'container.jpg',	'065561d4-050c-4841-b659-40d38e083596',	'670d78c0-b16b-4bfc-a6b9-996b05d90e25',	'25718',	'jpg',	'2021-08-08 20:56:33',	NULL),
('5da2eea3-4215-45ca-b192-a40f4884457f',	103,	'https://hbjs-kuchelin-guide.s3.ap-northeast-2.amazonaws.com/ab4bb40f-993a-4ec4-a28b-dfc748d00f15/5da2eea3-4215-45ca-b192-a40f4884457f',	'79A4B57A-3E5E-4E94-BA1E-3A9D9313A312.jpeg',	'ab4bb40f-993a-4ec4-a28b-dfc748d00f15',	'bfece06b-a964-4f79-a2aa-e4101ee47d76',	'886153',	'jpeg',	'2021-07-20 23:29:11',	NULL),
('60011784-f32c-4827-bceb-028539f8691e',	164,	'https://hbjs-kuchelin-guide.s3.ap-northeast-2.amazonaws.com/008a36aa-26cd-4a2c-8236-31d4f834c0be/60011784-f32c-4827-bceb-028539f8691e',	'cron.png',	'008a36aa-26cd-4a2c-8236-31d4f834c0be',	'baf438da-db58-45aa-9032-6ad26597e7bb',	'5395',	'png',	'2021-07-29 21:33:12',	NULL),
('61985052-3467-4f8c-b4db-bb0ff00ab0b2',	139,	'https://hbjs-kuchelin-guide.s3.ap-northeast-2.amazonaws.com/1cb99c06-dbb7-4186-aca2-beef7519aa57/61985052-3467-4f8c-b4db-bb0ff00ab0b2',	'container.jpg',	'1cb99c06-dbb7-4186-aca2-beef7519aa57',	'baf438da-db58-45aa-9032-6ad26597e7bb',	'25718',	'jpg',	'2021-07-29 21:00:26',	NULL),
('62147d81-dbf1-4904-9603-6de38c569772',	113,	'https://hbjs-kuchelin-guide.s3.ap-northeast-2.amazonaws.com/a20c6130-9920-4545-91b5-fb4089c3ab68/62147d81-dbf1-4904-9603-6de38c569772',	'A4B4264A-4C3B-4453-909B-4DDE86B6D5C9.jpeg',	'a20c6130-9920-4545-91b5-fb4089c3ab68',	'960a8995-ab14-470c-b606-7afaec5f8a9f',	'379149',	'jpeg',	'2021-07-24 23:09:09',	NULL),
('622ac85a-9139-4925-b7f1-9e59164955ad',	155,	'https://hbjs-kuchelin-guide.s3.ap-northeast-2.amazonaws.com/f010726d-6a2e-428a-b8c9-c4a15d6d47ff/622ac85a-9139-4925-b7f1-9e59164955ad',	'container.jpg',	'f010726d-6a2e-428a-b8c9-c4a15d6d47ff',	'baf438da-db58-45aa-9032-6ad26597e7bb',	'25718',	'jpg',	'2021-07-29 21:30:12',	NULL),
('674433f0-e1a9-4393-aab1-4473978e507f',	174,	'https://hbjs-kuchelin-guide.s3.ap-northeast-2.amazonaws.com/07458fa4-095f-48a4-adaa-0e4789f03500/674433f0-e1a9-4393-aab1-4473978e507f',	'2905D098-ADB2-4E6E-BBE0-33802A88551A.jpeg',	'07458fa4-095f-48a4-adaa-0e4789f03500',	'670d78c0-b16b-4bfc-a6b9-996b05d90e25',	'421196',	'jpeg',	'2021-08-03 19:17:58',	NULL),
('69cbc194-ac7e-4286-80c5-4603a760df7d',	118,	'https://hbjs-kuchelin-guide.s3.ap-northeast-2.amazonaws.com/8bf860ac-b230-4187-a177-332f070ce85f/69cbc194-ac7e-4286-80c5-4603a760df7d',	'86BA6F0F-437D-429F-94B3-39F5297C797F.jpeg',	'8bf860ac-b230-4187-a177-332f070ce85f',	'960a8995-ab14-470c-b606-7afaec5f8a9f',	'968347',	'jpeg',	'2021-07-25 12:54:18',	NULL),
('724b8fac-9332-45d8-bec0-6be1dccb5786',	183,	'https://hbjs-kuchelin-guide.s3.ap-northeast-2.amazonaws.com/1af31276-3069-4bb7-b530-c185e22d968b/724b8fac-9332-45d8-bec0-6be1dccb5786',	'container.jpg',	'1af31276-3069-4bb7-b530-c185e22d968b',	'baf438da-db58-45aa-9032-6ad26597e7bb',	'25718',	'jpg',	'2021-08-08 20:10:30',	NULL),
('75b76a8b-2dbd-452e-a8f1-9f1cbfbe99c7',	149,	'https://hbjs-kuchelin-guide.s3.ap-northeast-2.amazonaws.com/261858b3-0b87-4d46-bd25-9765447e0110/75b76a8b-2dbd-452e-a8f1-9f1cbfbe99c7',	'container.jpg',	'261858b3-0b87-4d46-bd25-9765447e0110',	'baf438da-db58-45aa-9032-6ad26597e7bb',	'25718',	'jpg',	'2021-07-29 21:29:21',	NULL),
('76d4cb39-798c-4649-8d1a-294ccb3eaad4',	133,	'https://hbjs-kuchelin-guide.s3.ap-northeast-2.amazonaws.com/5a0962ac-aa19-46a3-9d79-fe79adbca2b3/76d4cb39-798c-4649-8d1a-294ccb3eaad4',	'46867D2B-3B85-4340-85F9-0835A32FF063.jpeg',	'5a0962ac-aa19-46a3-9d79-fe79adbca2b3',	'87517ccd-836b-4b43-847a-958fabeac75c',	'460872',	'jpeg',	'2021-07-29 15:41:42',	NULL),
('7adbbe38-4e79-424f-8bf2-2fc08f6dba91',	117,	'https://hbjs-kuchelin-guide.s3.ap-northeast-2.amazonaws.com/8bf860ac-b230-4187-a177-332f070ce85f/7adbbe38-4e79-424f-8bf2-2fc08f6dba91',	'D366B3D1-5DA3-45CA-B9C4-9753DE31E4BE.jpeg',	'8bf860ac-b230-4187-a177-332f070ce85f',	'960a8995-ab14-470c-b606-7afaec5f8a9f',	'765505',	'jpeg',	'2021-07-25 12:54:18',	NULL),
('7e507f98-01fc-45a4-8fe9-4c06f1ee8426',	108,	'https://hbjs-kuchelin-guide.s3.ap-northeast-2.amazonaws.com/a9fbb0fb-78a0-4666-afba-52f522158378/7e507f98-01fc-45a4-8fe9-4c06f1ee8426',	'81B0DE5A-6FDF-49BC-AE85-77403BB77226.jpeg',	'a9fbb0fb-78a0-4666-afba-52f522158378',	'bfece06b-a964-4f79-a2aa-e4101ee47d76',	'79790',	'jpeg',	'2021-07-21 16:04:36',	NULL),
('80853f20-39ff-44e4-a0fc-d314df3de062',	131,	'https://hbjs-kuchelin-guide.s3.ap-northeast-2.amazonaws.com/16c5eeca-d012-4284-8e72-e0878082c305/80853f20-39ff-44e4-a0fc-d314df3de062',	'2A27E787-D226-4133-98A5-5B69CBA10E74.jpeg',	'16c5eeca-d012-4284-8e72-e0878082c305',	'407424b7-0c25-4fbe-bfe0-4654b1f88675',	'573950',	'jpeg',	'2021-07-29 14:22:23',	NULL),
('825ed3dd-e396-47d1-a5f4-f160defb1b7b',	190,	'https://hbjs-kuchelin-guide.s3.ap-northeast-2.amazonaws.com/ccab9df8-dc22-42aa-89bf-4b09ba8494f3/825ed3dd-e396-47d1-a5f4-f160defb1b7b',	'9DDFDB3C-F4C1-49D0-8C51-19474099A316.jpeg',	'ccab9df8-dc22-42aa-89bf-4b09ba8494f3',	'670d78c0-b16b-4bfc-a6b9-996b05d90e25',	'1043018',	'jpeg',	'2021-08-11 12:26:59',	NULL),
('84ea64a7-44f9-4c7c-aa3f-10dd365c1446',	194,	'https://hbjs-kuchelin-guide.s3.ap-northeast-2.amazonaws.com/0ad3d94f-416b-4e95-b958-f4e9a838d97a/84ea64a7-44f9-4c7c-aa3f-10dd365c1446',	'container.jpg',	'0ad3d94f-416b-4e95-b958-f4e9a838d97a',	'9c16852a-eff5-4996-82be-2dce13e1133e',	'25718',	'jpg',	'2021-08-15 20:47:07',	NULL),
('84fb7465-33bd-4f87-a323-8b3a3f78336a',	111,	'https://hbjs-kuchelin-guide.s3.ap-northeast-2.amazonaws.com/d240c94e-b904-403e-9f40-28d85fe32868/84fb7465-33bd-4f87-a323-8b3a3f78336a',	'F158FE09-00CF-40FE-A617-32F954FA53E0.jpeg',	'd240c94e-b904-403e-9f40-28d85fe32868',	'cd76a643-ae99-4bfe-a463-0200a92299b3',	'1039957',	'jpeg',	'2021-07-24 22:26:23',	NULL),
('854ade75-1106-498a-97f4-d76e4a08dbcd',	102,	'https://hbjs-kuchelin-guide.s3.ap-northeast-2.amazonaws.com/8b44d521-2458-4e70-a192-c090165d78ee/854ade75-1106-498a-97f4-d76e4a08dbcd',	'1C7F1092-DB9C-4348-841D-7D2AC8DA327C.jpeg',	'8b44d521-2458-4e70-a192-c090165d78ee',	'cd76a643-ae99-4bfe-a463-0200a92299b3',	'1589761',	'jpeg',	'2021-07-20 23:26:10',	NULL),
('8862d09c-c795-49be-9be5-888d3213ad9c',	145,	'https://hbjs-kuchelin-guide.s3.ap-northeast-2.amazonaws.com/9a588bc0-5c79-445c-8689-23b302bf1e4b/8862d09c-c795-49be-9be5-888d3213ad9c',	'container.jpg',	'9a588bc0-5c79-445c-8689-23b302bf1e4b',	'baf438da-db58-45aa-9032-6ad26597e7bb',	'25718',	'jpg',	'2021-07-29 21:29:11',	NULL),
('8b51088c-d773-4c36-ba2c-941c20a5bdb8',	173,	'https://hbjs-kuchelin-guide.s3.ap-northeast-2.amazonaws.com/b058d469-d03d-42ca-a8b6-b0a9d1c040f5/8b51088c-d773-4c36-ba2c-941c20a5bdb8',	'A137ED11-6FBC-44BE-B348-ED1EF217B169.jpeg',	'b058d469-d03d-42ca-a8b6-b0a9d1c040f5',	'670d78c0-b16b-4bfc-a6b9-996b05d90e25',	'1133402',	'jpeg',	'2021-08-03 17:58:41',	NULL),
('95baec18-ad6a-4005-b0db-37739ad1cf70',	186,	'https://hbjs-kuchelin-guide.s3.ap-northeast-2.amazonaws.com/1d7bc6f9-d6d0-47ec-a08f-19c272f00b0f/95baec18-ad6a-4005-b0db-37739ad1cf70',	'cron.png',	'1d7bc6f9-d6d0-47ec-a08f-19c272f00b0f',	'670d78c0-b16b-4bfc-a6b9-996b05d90e25',	'5395',	'png',	'2021-08-08 20:56:28',	NULL),
('9691576c-e4e0-426b-9268-5176fd4b62b0',	127,	'https://hbjs-kuchelin-guide.s3.ap-northeast-2.amazonaws.com/30aa48ed-9206-48c7-b199-9ed1e9d6cdcb/9691576c-e4e0-426b-9268-5176fd4b62b0',	'0AB56223-280F-485C-9800-CD1D5104A9D8.jpeg',	'30aa48ed-9206-48c7-b199-9ed1e9d6cdcb',	'407424b7-0c25-4fbe-bfe0-4654b1f88675',	'204112',	'jpeg',	'2021-07-28 22:06:18',	NULL),
('96933e00-19d1-4261-b388-900b1f82567a',	176,	'https://hbjs-kuchelin-guide.s3.ap-northeast-2.amazonaws.com/4ee1b080-e211-4569-abd0-8cab916ea1d3/96933e00-19d1-4261-b388-900b1f82567a',	'8C3149F4-CE94-4300-82D9-9D8B8B8B9AC5.jpeg',	'4ee1b080-e211-4569-abd0-8cab916ea1d3',	'670d78c0-b16b-4bfc-a6b9-996b05d90e25',	'1091870',	'jpeg',	'2021-08-03 19:19:19',	NULL),
('97ce337e-8d22-4d6b-9c89-799836c3b358',	141,	'https://hbjs-kuchelin-guide.s3.ap-northeast-2.amazonaws.com/7ae1a3ed-419d-4df5-9ca0-3a72d856354b/97ce337e-8d22-4d6b-9c89-799836c3b358',	'container.jpg',	'7ae1a3ed-419d-4df5-9ca0-3a72d856354b',	'baf438da-db58-45aa-9032-6ad26597e7bb',	'25718',	'jpg',	'2021-07-29 21:00:31',	NULL),
('9b2ec8f5-36bf-4434-ae79-48524ca49307',	163,	'https://hbjs-kuchelin-guide.s3.ap-northeast-2.amazonaws.com/008a36aa-26cd-4a2c-8236-31d4f834c0be/9b2ec8f5-36bf-4434-ae79-48524ca49307',	'container.jpg',	'008a36aa-26cd-4a2c-8236-31d4f834c0be',	'baf438da-db58-45aa-9032-6ad26597e7bb',	'25718',	'jpg',	'2021-07-29 21:33:12',	NULL),
('9b72f1fa-1a06-4425-8d24-c33bccf7fd6a',	132,	'https://hbjs-kuchelin-guide.s3.ap-northeast-2.amazonaws.com/139482cc-5511-4109-bae2-1ac7781bc451/9b72f1fa-1a06-4425-8d24-c33bccf7fd6a',	'03595FB9-424B-4479-96C1-FE58B39B0B82.jpeg',	'139482cc-5511-4109-bae2-1ac7781bc451',	'407424b7-0c25-4fbe-bfe0-4654b1f88675',	'1182441',	'jpeg',	'2021-07-29 14:23:09',	NULL),
('a25586da-73c0-4314-bd69-999b38965677',	177,	'https://hbjs-kuchelin-guide.s3.ap-northeast-2.amazonaws.com/f9843028-c8b4-4f35-b673-79a0dc3678e9/a25586da-73c0-4314-bd69-999b38965677',	'76A0FE70-D9E3-4A0F-90E1-85B70C7A1F4E.jpeg',	'f9843028-c8b4-4f35-b673-79a0dc3678e9',	'670d78c0-b16b-4bfc-a6b9-996b05d90e25',	'886153',	'jpeg',	'2021-08-03 21:40:59',	NULL),
('a3ecfdc4-f480-403e-8a8f-86fe74ff3e5a',	199,	'https://hbjs-kuchelin-guide.s3.ap-northeast-2.amazonaws.com/c00b57d1-a9f7-43b6-8f82-8c41770d7937/a3ecfdc4-f480-403e-8a8f-86fe74ff3e5a',	'container.jpg',	'c00b57d1-a9f7-43b6-8f82-8c41770d7937',	'ec23a2fc-f4b5-40ca-b8dd-fcbe23fb6042',	'25718',	'jpg',	'2021-08-15 21:33:16',	NULL),
('a9151d30-3a2b-4c13-a808-bb0b89367ee4',	151,	'https://hbjs-kuchelin-guide.s3.ap-northeast-2.amazonaws.com/189c0518-5f06-4fd5-a62c-d0f8a092ff61/a9151d30-3a2b-4c13-a808-bb0b89367ee4',	'container.jpg',	'189c0518-5f06-4fd5-a62c-d0f8a092ff61',	'baf438da-db58-45aa-9032-6ad26597e7bb',	'25718',	'jpg',	'2021-07-29 21:29:44',	NULL),
('a936e4e6-6a87-41ed-a1ae-0c9b32b4086e',	119,	'https://hbjs-kuchelin-guide.s3.ap-northeast-2.amazonaws.com/8ede3655-16a8-4ceb-97a1-b3db18254d17/a936e4e6-6a87-41ed-a1ae-0c9b32b4086e',	'34060DF2-4C07-4F68-AB90-B78A04B925B1.jpeg',	'8ede3655-16a8-4ceb-97a1-b3db18254d17',	'8f4977ae-077b-43c3-a0c5-d4e20c04008b',	'1264660',	'jpeg',	'2021-07-25 17:01:56',	NULL),
('ab5f7387-c594-4952-9bd8-82e5844a36db',	110,	'https://hbjs-kuchelin-guide.s3.ap-northeast-2.amazonaws.com/53246780-70c5-428e-91e2-16108d735ca3/ab5f7387-c594-4952-9bd8-82e5844a36db',	'D8639971-3C8E-42B0-8D55-295E833FEDA1.jpeg',	'53246780-70c5-428e-91e2-16108d735ca3',	'cd76a643-ae99-4bfe-a463-0200a92299b3',	'959049',	'jpeg',	'2021-07-24 22:06:49',	NULL),
('b06d267e-2aff-4b2e-abd9-ab508c2a13c4',	185,	'https://hbjs-kuchelin-guide.s3.ap-northeast-2.amazonaws.com/1d7bc6f9-d6d0-47ec-a08f-19c272f00b0f/b06d267e-2aff-4b2e-abd9-ab508c2a13c4',	'container.jpg',	'1d7bc6f9-d6d0-47ec-a08f-19c272f00b0f',	'670d78c0-b16b-4bfc-a6b9-996b05d90e25',	'25718',	'jpg',	'2021-08-08 20:56:28',	NULL),
('b2709165-e22f-4967-b145-1d027fd595e9',	160,	'https://hbjs-kuchelin-guide.s3.ap-northeast-2.amazonaws.com/a532f0c0-1c8f-4636-b83e-2b780ffac3a7/b2709165-e22f-4967-b145-1d027fd595e9',	'cron.png',	'a532f0c0-1c8f-4636-b83e-2b780ffac3a7',	'baf438da-db58-45aa-9032-6ad26597e7bb',	'5395',	'png',	'2021-07-29 21:32:46',	NULL),
('b5751328-46c8-46cf-aa16-8fd3e2a1b343',	105,	'https://hbjs-kuchelin-guide.s3.ap-northeast-2.amazonaws.com/92d778c5-bd5d-4234-9cd6-ad1bf964932b/b5751328-46c8-46cf-aa16-8fd3e2a1b343',	'0152C44F-DE97-4896-BF89-06A9F9A56D1A.jpeg',	'92d778c5-bd5d-4234-9cd6-ad1bf964932b',	'bfece06b-a964-4f79-a2aa-e4101ee47d76',	'79790',	'jpeg',	'2021-07-21 12:50:18',	NULL),
('b619150c-4c2b-4a24-b818-f8da5247b130',	109,	'https://hbjs-kuchelin-guide.s3.ap-northeast-2.amazonaws.com/c984aad8-95bc-4076-bcb2-600148e60e24/b619150c-4c2b-4a24-b818-f8da5247b130',	'6E90A1F5-3D12-49F9-84E6-5E452EFFFF32.jpeg',	'c984aad8-95bc-4076-bcb2-600148e60e24',	'bfece06b-a964-4f79-a2aa-e4101ee47d76',	'939411',	'jpeg',	'2021-07-21 16:34:03',	NULL),
('c2f1f677-1085-4ab7-ba19-bad1f67b6dd8',	142,	'https://hbjs-kuchelin-guide.s3.ap-northeast-2.amazonaws.com/7ae1a3ed-419d-4df5-9ca0-3a72d856354b/c2f1f677-1085-4ab7-ba19-bad1f67b6dd8',	'cron.png',	'7ae1a3ed-419d-4df5-9ca0-3a72d856354b',	'baf438da-db58-45aa-9032-6ad26597e7bb',	'5395',	'png',	'2021-07-29 21:00:31',	NULL),
('c42e70f4-6ee0-441b-b897-fd93e5f30c80',	156,	'https://hbjs-kuchelin-guide.s3.ap-northeast-2.amazonaws.com/f010726d-6a2e-428a-b8c9-c4a15d6d47ff/c42e70f4-6ee0-441b-b897-fd93e5f30c80',	'cron.png',	'f010726d-6a2e-428a-b8c9-c4a15d6d47ff',	'baf438da-db58-45aa-9032-6ad26597e7bb',	'5395',	'png',	'2021-07-29 21:30:12',	NULL),
('c621b400-b01f-49ff-9ebe-8d81ff1c2e1e',	129,	'https://hbjs-kuchelin-guide.s3.ap-northeast-2.amazonaws.com/ea4eb3af-5e7a-4d32-9079-b96327646897/c621b400-b01f-49ff-9ebe-8d81ff1c2e1e',	'FAD27035-66EF-4AFB-8949-72EC42268C16.jpeg',	'ea4eb3af-5e7a-4d32-9079-b96327646897',	'407424b7-0c25-4fbe-bfe0-4654b1f88675',	'932386',	'jpeg',	'2021-07-28 22:27:09',	NULL),
('c80b6130-588d-4153-86a5-7a600a3a255b',	114,	'https://hbjs-kuchelin-guide.s3.ap-northeast-2.amazonaws.com/f83ef8c2-cead-4627-8056-7b6ad508b138/c80b6130-588d-4153-86a5-7a600a3a255b',	'A746CDF1-55DB-4704-B8B5-9780BF82D5DC.jpeg',	'f83ef8c2-cead-4627-8056-7b6ad508b138',	'960a8995-ab14-470c-b606-7afaec5f8a9f',	'984234',	'jpeg',	'2021-07-24 23:09:33',	NULL),
('c901a678-ae7b-4efb-beab-a128e4d55219',	184,	'https://hbjs-kuchelin-guide.s3.ap-northeast-2.amazonaws.com/1af31276-3069-4bb7-b530-c185e22d968b/c901a678-ae7b-4efb-beab-a128e4d55219',	'cron.png',	'1af31276-3069-4bb7-b530-c185e22d968b',	'baf438da-db58-45aa-9032-6ad26597e7bb',	'5395',	'png',	'2021-08-08 20:10:30',	NULL),
('cb22627c-5f93-4846-b401-3d9bad13c278',	104,	'https://hbjs-kuchelin-guide.s3.ap-northeast-2.amazonaws.com/86f0e2ed-9988-4f02-81df-c86362fc5798/cb22627c-5f93-4846-b401-3d9bad13c278',	'BA2D87A1-6D02-46D3-8437-A17BFEC35089.jpeg',	'86f0e2ed-9988-4f02-81df-c86362fc5798',	'bfece06b-a964-4f79-a2aa-e4101ee47d76',	'266926',	'jpeg',	'2021-07-20 23:29:57',	NULL),
('cbdcd950-baf6-4aaf-a113-1c855dca447d',	165,	'https://hbjs-kuchelin-guide.s3.ap-northeast-2.amazonaws.com/8b95b8b6-4192-40b1-b3b2-9851613fdbef/cbdcd950-baf6-4aaf-a113-1c855dca447d',	'container.jpg',	'8b95b8b6-4192-40b1-b3b2-9851613fdbef',	'dffc206e-75af-46b0-a454-a2b285c5ef58',	'25718',	'jpg',	'2021-07-29 21:37:43',	NULL),
('ccfd306b-4759-4f65-a802-0797f6a82fa4',	112,	'https://hbjs-kuchelin-guide.s3.ap-northeast-2.amazonaws.com/afc924d4-df50-46d5-818b-26a8c6b942b6/ccfd306b-4759-4f65-a802-0797f6a82fa4',	'AE1EBD04-E5A6-484A-BAC0-3B74AE7C94C0.jpeg',	'afc924d4-df50-46d5-818b-26a8c6b942b6',	'960a8995-ab14-470c-b606-7afaec5f8a9f',	'379149',	'jpeg',	'2021-07-24 23:07:47',	NULL),
('cef2fd20-1ab2-4b62-9869-4dc1c5dcee7f',	134,	'https://hbjs-kuchelin-guide.s3.ap-northeast-2.amazonaws.com/981d2c52-598d-4765-bb12-98b9fb34db08/cef2fd20-1ab2-4b62-9869-4dc1c5dcee7f',	'container.jpg',	'981d2c52-598d-4765-bb12-98b9fb34db08',	'baf438da-db58-45aa-9032-6ad26597e7bb',	'25718',	'jpg',	'2021-07-29 20:56:15',	NULL),
('d19e059f-4573-4b38-9206-d2f25ddd1f03',	130,	'https://hbjs-kuchelin-guide.s3.ap-northeast-2.amazonaws.com/38799d0d-936f-4709-afbb-dcb0393e63f4/d19e059f-4573-4b38-9206-d2f25ddd1f03',	'79AB30B9-96D4-4E58-9763-14493A85CE42.jpeg',	'38799d0d-936f-4709-afbb-dcb0393e63f4',	'407424b7-0c25-4fbe-bfe0-4654b1f88675',	'1455713',	'jpeg',	'2021-07-29 13:08:14',	NULL),
('d263fc41-46fc-4045-ae21-6085ae4c6c79',	189,	'https://hbjs-kuchelin-guide.s3.ap-northeast-2.amazonaws.com/ccab9df8-dc22-42aa-89bf-4b09ba8494f3/d263fc41-46fc-4045-ae21-6085ae4c6c79',	'2931AFD6-6C4C-4BD7-B489-8484B0F124CB.jpeg',	'ccab9df8-dc22-42aa-89bf-4b09ba8494f3',	'670d78c0-b16b-4bfc-a6b9-996b05d90e25',	'973896',	'jpeg',	'2021-08-11 12:26:59',	NULL),
('d6f315bc-8924-4cdd-bc1b-4fd436fe0624',	124,	'https://hbjs-kuchelin-guide.s3.ap-northeast-2.amazonaws.com/57b0b4d7-cc4d-4c6a-97b6-e38e0557e9ab/d6f315bc-8924-4cdd-bc1b-4fd436fe0624',	'F868083D-0A65-4F4B-BA2C-1800B8CAF66C.jpeg',	'57b0b4d7-cc4d-4c6a-97b6-e38e0557e9ab',	'407424b7-0c25-4fbe-bfe0-4654b1f88675',	'858684',	'jpeg',	'2021-07-28 22:01:39',	NULL),
('d7aa9a3b-4b65-432c-8767-3a6c40c2698c',	147,	'https://hbjs-kuchelin-guide.s3.ap-northeast-2.amazonaws.com/5217049f-158b-405d-952f-0004ac188602/d7aa9a3b-4b65-432c-8767-3a6c40c2698c',	'container.jpg',	'5217049f-158b-405d-952f-0004ac188602',	'baf438da-db58-45aa-9032-6ad26597e7bb',	'25718',	'jpg',	'2021-07-29 21:29:16',	NULL),
('d817bf9a-b8e9-4b5f-963b-69796b4852b3',	148,	'https://hbjs-kuchelin-guide.s3.ap-northeast-2.amazonaws.com/5217049f-158b-405d-952f-0004ac188602/d817bf9a-b8e9-4b5f-963b-69796b4852b3',	'cron.png',	'5217049f-158b-405d-952f-0004ac188602',	'baf438da-db58-45aa-9032-6ad26597e7bb',	'5395',	'png',	'2021-07-29 21:29:16',	NULL),
('db6b4a3b-6d03-413c-9c37-c635deb1c889',	159,	'https://hbjs-kuchelin-guide.s3.ap-northeast-2.amazonaws.com/a532f0c0-1c8f-4636-b83e-2b780ffac3a7/db6b4a3b-6d03-413c-9c37-c635deb1c889',	'container.jpg',	'a532f0c0-1c8f-4636-b83e-2b780ffac3a7',	'baf438da-db58-45aa-9032-6ad26597e7bb',	'25718',	'jpg',	'2021-07-29 21:32:46',	NULL),
('e785a331-0304-4901-84a3-e54f51abeefa',	169,	'https://hbjs-kuchelin-guide.s3.ap-northeast-2.amazonaws.com/282df8dd-029a-48ac-9d58-f5dd92231e83/e785a331-0304-4901-84a3-e54f51abeefa',	'DACD5BA0-48C5-440C-ADC2-CA45347997F0.jpeg',	'282df8dd-029a-48ac-9d58-f5dd92231e83',	'670d78c0-b16b-4bfc-a6b9-996b05d90e25',	'717562',	'jpeg',	'2021-08-02 20:01:57',	NULL),
('e7b03c71-e04c-4b5e-a252-73deaeb1b39a',	182,	'https://hbjs-kuchelin-guide.s3.ap-northeast-2.amazonaws.com/55334e99-ca4c-4f84-ba12-5f98c3d7e296/e7b03c71-e04c-4b5e-a252-73deaeb1b39a',	'cron.png',	'55334e99-ca4c-4f84-ba12-5f98c3d7e296',	'baf438da-db58-45aa-9032-6ad26597e7bb',	'5395',	'png',	'2021-08-08 20:06:02',	NULL),
('eb910a84-0fc6-4bbe-b286-94b6a0721781',	157,	'https://hbjs-kuchelin-guide.s3.ap-northeast-2.amazonaws.com/ce3871ee-95c8-46f5-97f1-df32e826fc35/eb910a84-0fc6-4bbe-b286-94b6a0721781',	'container.jpg',	'ce3871ee-95c8-46f5-97f1-df32e826fc35',	'baf438da-db58-45aa-9032-6ad26597e7bb',	'25718',	'jpg',	'2021-07-29 21:30:18',	NULL),
('ebd3c7ff-84c6-49ef-9741-49c4c87705d1',	107,	'https://hbjs-kuchelin-guide.s3.ap-northeast-2.amazonaws.com/dd7565b1-3f27-4231-ab64-76df4d0dc6fd/ebd3c7ff-84c6-49ef-9741-49c4c87705d1',	'A04C27F1-0AAA-429B-852C-F406A2BBACDD.jpeg',	'dd7565b1-3f27-4231-ab64-76df4d0dc6fd',	'bfece06b-a964-4f79-a2aa-e4101ee47d76',	'79790',	'jpeg',	'2021-07-21 12:50:51',	NULL),
('ebdfd00e-bc86-4a8b-ac7e-b9700f9153f1',	140,	'https://hbjs-kuchelin-guide.s3.ap-northeast-2.amazonaws.com/1cb99c06-dbb7-4186-aca2-beef7519aa57/ebdfd00e-bc86-4a8b-ac7e-b9700f9153f1',	'cron.png',	'1cb99c06-dbb7-4186-aca2-beef7519aa57',	'baf438da-db58-45aa-9032-6ad26597e7bb',	'5395',	'png',	'2021-07-29 21:00:26',	NULL),
('ec8e4223-7c4c-4405-bc84-1c568c5a519a',	154,	'https://hbjs-kuchelin-guide.s3.ap-northeast-2.amazonaws.com/273dd7d2-89e1-4523-9ee6-01c160bfef5c/ec8e4223-7c4c-4405-bc84-1c568c5a519a',	'cron.png',	'273dd7d2-89e1-4523-9ee6-01c160bfef5c',	'baf438da-db58-45aa-9032-6ad26597e7bb',	'5395',	'png',	'2021-07-29 21:29:59',	NULL),
('ece473b5-0381-4d75-9674-2493654e0141',	144,	'https://hbjs-kuchelin-guide.s3.ap-northeast-2.amazonaws.com/49a719c6-8fea-4305-96ba-c57041f58493/ece473b5-0381-4d75-9674-2493654e0141',	'cron.png',	'49a719c6-8fea-4305-96ba-c57041f58493',	'baf438da-db58-45aa-9032-6ad26597e7bb',	'5395',	'png',	'2021-07-29 21:29:01',	NULL),
('ee9d2d62-3a14-4aee-a1c1-9766d51753df',	172,	'https://hbjs-kuchelin-guide.s3.ap-northeast-2.amazonaws.com/645e9dbc-8f06-488f-96f0-51088255107c/ee9d2d62-3a14-4aee-a1c1-9766d51753df',	'06FA62EF-9D63-4EAA-9318-365EC605B905.jpeg',	'645e9dbc-8f06-488f-96f0-51088255107c',	'670d78c0-b16b-4bfc-a6b9-996b05d90e25',	'821095',	'jpeg',	'2021-08-03 17:55:05',	NULL),
('f023486e-3388-4394-a424-8a99900c9962',	175,	'https://hbjs-kuchelin-guide.s3.ap-northeast-2.amazonaws.com/75721fce-2779-46bd-9598-b654a84620a9/f023486e-3388-4394-a424-8a99900c9962',	'1C9DC038-72B5-4B0C-9EDC-31915C95C349.jpeg',	'75721fce-2779-46bd-9598-b654a84620a9',	'670d78c0-b16b-4bfc-a6b9-996b05d90e25',	'1091870',	'jpeg',	'2021-08-03 19:18:48',	NULL),
('f33c289f-49ce-438e-ab07-0bed046f4983',	166,	'https://hbjs-kuchelin-guide.s3.ap-northeast-2.amazonaws.com/0e52ad0d-5e33-4fd3-ba23-c42ed1e3e58a/f33c289f-49ce-438e-ab07-0bed046f4983',	'jenkins.png',	'0e52ad0d-5e33-4fd3-ba23-c42ed1e3e58a',	'dffc206e-75af-46b0-a454-a2b285c5ef58',	'77771',	'png',	'2021-07-29 21:38:39',	NULL),
('f35b3d1e-ff04-42c9-86cf-c98a420e92c6',	161,	'https://hbjs-kuchelin-guide.s3.ap-northeast-2.amazonaws.com/c04a75ad-e25a-42d2-a79e-db303bdbc2a6/f35b3d1e-ff04-42c9-86cf-c98a420e92c6',	'container.jpg',	'c04a75ad-e25a-42d2-a79e-db303bdbc2a6',	'baf438da-db58-45aa-9032-6ad26597e7bb',	'25718',	'jpg',	'2021-07-29 21:33:08',	NULL),
('f4ae3cc9-6ea1-47e8-a2c1-e3fe849eeada',	150,	'https://hbjs-kuchelin-guide.s3.ap-northeast-2.amazonaws.com/261858b3-0b87-4d46-bd25-9765447e0110/f4ae3cc9-6ea1-47e8-a2c1-e3fe849eeada',	'cron.png',	'261858b3-0b87-4d46-bd25-9765447e0110',	'baf438da-db58-45aa-9032-6ad26597e7bb',	'5395',	'png',	'2021-07-29 21:29:21',	NULL),
('f654a88a-e67f-4822-be26-53769aaaf654',	120,	'https://hbjs-kuchelin-guide.s3.ap-northeast-2.amazonaws.com/c1bc032e-a00d-4442-a28c-1501445151b2/f654a88a-e67f-4822-be26-53769aaaf654',	'5023EFA0-C850-4006-B9B3-010409C77848.jpeg',	'c1bc032e-a00d-4442-a28c-1501445151b2',	'8f4977ae-077b-43c3-a0c5-d4e20c04008b',	'266926',	'jpeg',	'2021-07-25 17:08:45',	NULL),
('f6739964-7870-43b3-9093-3df98494e5e6',	178,	'https://hbjs-kuchelin-guide.s3.ap-northeast-2.amazonaws.com/476d4f6d-996b-459d-b20d-c444a0d1eb44/f6739964-7870-43b3-9093-3df98494e5e6',	'85B28677-19D3-464A-93A5-11DCEBA0D923.jpeg',	'476d4f6d-996b-459d-b20d-c444a0d1eb44',	'670d78c0-b16b-4bfc-a6b9-996b05d90e25',	'1009111',	'jpeg',	'2021-08-08 16:46:31',	NULL),
('f84118f1-e24e-43e7-9ecf-174b1ca8d3ce',	121,	'https://hbjs-kuchelin-guide.s3.ap-northeast-2.amazonaws.com/c1bc032e-a00d-4442-a28c-1501445151b2/f84118f1-e24e-43e7-9ecf-174b1ca8d3ce',	'88B48C47-B43D-4669-B6AD-77CC484A689C.jpeg',	'c1bc032e-a00d-4442-a28c-1501445151b2',	'8f4977ae-077b-43c3-a0c5-d4e20c04008b',	'886153',	'jpeg',	'2021-07-25 17:08:45',	NULL),
('fca4c697-11b3-452c-acb6-76284c185c64',	158,	'https://hbjs-kuchelin-guide.s3.ap-northeast-2.amazonaws.com/ce3871ee-95c8-46f5-97f1-df32e826fc35/fca4c697-11b3-452c-acb6-76284c185c64',	'cron.png',	'ce3871ee-95c8-46f5-97f1-df32e826fc35',	'baf438da-db58-45aa-9032-6ad26597e7bb',	'5395',	'png',	'2021-07-29 21:30:18',	NULL),
('fd0ab7b8-eb6b-447e-9879-0e431aa54e3b',	153,	'https://hbjs-kuchelin-guide.s3.ap-northeast-2.amazonaws.com/273dd7d2-89e1-4523-9ee6-01c160bfef5c/fd0ab7b8-eb6b-447e-9879-0e431aa54e3b',	'container.jpg',	'273dd7d2-89e1-4523-9ee6-01c160bfef5c',	'baf438da-db58-45aa-9032-6ad26597e7bb',	'25718',	'jpg',	'2021-07-29 21:29:59',	NULL);

TRUNCATE `file_folder`;
INSERT INTO `file_folder` (`file_folder_id`, `date_create`, `type`) VALUES
('008a36aa-26cd-4a2c-8236-31d4f834c0be',	'2021-07-29 21:33:12',	'review_image'),
('01c8dbe9-4884-44fd-ab8a-244cfc83ece4',	'2021-07-03 16:21:43',	'user_thumbnail'),
('065561d4-050c-4841-b659-40d38e083596',	'2021-08-08 20:56:33',	'review_image'),
('07458fa4-095f-48a4-adaa-0e4789f03500',	'2021-08-03 19:17:58',	'review_image'),
('0840ef43-ffbd-4b19-bab6-bac91787e136',	'2021-07-20 22:59:50',	'user_thumbnail'),
('08cf05ca-1351-4b43-9853-c52e8ef1ded3',	'2021-08-15 20:22:27',	'user_thumbnail'),
('09b011ca-f377-4b2d-b8a4-c020ca14503b',	'2021-07-07 14:46:39',	'thumbnail'),
('0ad3d94f-416b-4e95-b958-f4e9a838d97a',	'2021-08-15 20:47:07',	'user_thumbnail'),
('0bfa8deb-2435-4061-bcb2-113526e453d9',	'2021-08-11 12:27:28',	'review_image'),
('0d2f6d11-6b89-487a-b797-92e27598c212',	'2021-07-05 15:56:18',	'thumbnail'),
('0e52ad0d-5e33-4fd3-ba23-c42ed1e3e58a',	'2021-07-29 21:38:39',	'user_thumbnail'),
('139482cc-5511-4109-bae2-1ac7781bc451',	'2021-07-29 14:23:09',	'review_image'),
('16c5eeca-d012-4284-8e72-e0878082c305',	'2021-07-29 14:22:23',	'review_image'),
('1786985b-a601-4f35-bb7e-f8dc60a27399',	'2021-07-16 15:16:44',	'user_thumbnail'),
('189c0518-5f06-4fd5-a62c-d0f8a092ff61',	'2021-07-29 21:29:44',	'review_image'),
('1a9dd030-a9f0-47b0-9054-ef53931697b1',	'2021-07-20 13:30:26',	'user_thumbnail'),
('1af31276-3069-4bb7-b530-c185e22d968b',	'2021-08-08 20:10:29',	'review_image'),
('1cadc023-e4f8-4e1a-8060-f7ef9c4816a3',	'2021-07-17 00:04:59',	'review_image'),
('1cb99c06-dbb7-4186-aca2-beef7519aa57',	'2021-07-29 21:00:26',	'review_image'),
('1d7bc6f9-d6d0-47ec-a08f-19c272f00b0f',	'2021-08-08 20:56:28',	'review_image'),
('2105e872-48ef-4f65-a03c-1ac72a415429',	'2021-07-20 13:31:28',	'user_thumbnail'),
('230fefe5-b8cd-4878-af5f-075e61927af6',	'2021-07-17 20:00:21',	'review_image'),
('259eab21-3bdf-4aed-b193-afa5e5e079f9',	'2021-07-16 15:59:22',	'review_image'),
('261858b3-0b87-4d46-bd25-9765447e0110',	'2021-07-29 21:29:21',	'review_image'),
('268465d8-5e51-49c3-9d2b-7d7a83130ef2',	'2021-07-20 23:25:25',	'user_thumbnail'),
('273dd7d2-89e1-4523-9ee6-01c160bfef5c',	'2021-07-29 21:29:59',	'review_image'),
('282df8dd-029a-48ac-9d58-f5dd92231e83',	'2021-08-02 20:01:57',	'thumbnail'),
('28e3d795-664c-4cef-b20a-5df4ff6cd75f',	'2021-07-07 18:46:56',	'user_thumbnail'),
('2a0935aa-e907-40e3-80a1-0708a997cd19',	'2021-07-29 21:00:12',	'review_image'),
('2d28ae09-d3db-4eef-88e3-4d95e48677e3',	'2021-07-07 12:48:04',	'thumbnail'),
('2d8a89fa-eb1e-46bc-b639-f9bb43aea318',	'2021-07-20 22:19:07',	'review_image'),
('2db0df27-d771-4613-8007-c969503a57f4',	'2021-07-17 20:27:30',	'review_image'),
('2e29557f-a6f1-45f4-8925-46f79ac8010d',	'2021-07-18 13:13:13',	'thumbnail'),
('2f98a9a2-3b4e-40e9-b377-510092f7a57d',	'2021-06-28 09:41:53',	'review_image'),
('30aa48ed-9206-48c7-b199-9ed1e9d6cdcb',	'2021-07-28 22:06:18',	'review_image'),
('321ff655-bfc7-4cba-8992-215d6529ad5d',	'2021-07-04 21:05:24',	'review_image'),
('32d8d2b4-52e8-4747-be88-838b66fcb361',	'2021-07-27 12:24:56',	'review_image'),
('38799d0d-936f-4709-afbb-dcb0393e63f4',	'2021-07-29 13:08:14',	'user_thumbnail'),
('3b83a642-1bbd-4a2c-ae7a-6403703c9983',	'2021-06-28 17:15:53',	'user_thumbnail'),
('3dcf8fc7-23ae-41b6-87b5-8a2b5bf8fc89',	'2021-07-05 15:55:35',	'thumbnail'),
('42c679c6-f53c-4002-b9f1-539057b32ba2',	'2021-07-16 16:52:08',	'review_image'),
('4423d22b-50b7-4429-ac28-b4d0cbcf7fbc',	'2021-06-26 11:56:24',	'user_thumbnail'),
('44242d0e-5404-4454-9ab0-14331714af6e',	'2021-07-18 19:17:57',	'thumbnail'),
('476d4f6d-996b-459d-b20d-c444a0d1eb44',	'2021-08-08 16:46:31',	'review_image'),
('49a719c6-8fea-4305-96ba-c57041f58493',	'2021-07-29 21:29:01',	'review_image'),
('4b388b09-47c8-4bd4-a80c-80992b1c2818',	'2021-07-18 14:00:26',	'thumbnail'),
('4e1cec21-e5ce-470e-96c3-3f460071141d',	'2021-07-28 22:01:18',	'thumbnail'),
('4ee1b080-e211-4569-abd0-8cab916ea1d3',	'2021-08-03 19:19:19',	'review_image'),
('5217049f-158b-405d-952f-0004ac188602',	'2021-07-29 21:29:16',	'review_image'),
('53246780-70c5-428e-91e2-16108d735ca3',	'2021-07-24 22:06:49',	'review_image'),
('5362b887-7c1d-4805-ae6c-d76763f26b54',	'2021-07-17 20:34:24',	'review_image'),
('53c60431-103a-48ea-9351-1b0c68fd6975',	'2021-07-09 15:03:15',	'user_thumbnail'),
('552375d4-7a48-4908-8121-9ed21bbad9c7',	'2021-07-18 19:00:59',	'review_image'),
('55334e99-ca4c-4f84-ba12-5f98c3d7e296',	'2021-08-08 20:06:02',	'review_image'),
('55541f5b-1629-46ad-9773-9d1e728a1c43',	'2021-07-17 20:33:31',	'thumbnail'),
('57b0b4d7-cc4d-4c6a-97b6-e38e0557e9ab',	'2021-07-28 22:01:39',	'review_image'),
('58294a66-b75b-4332-b180-f1d8336e570b',	'2021-07-04 21:04:15',	'review_image'),
('5a0962ac-aa19-46a3-9d79-fe79adbca2b3',	'2021-07-29 15:41:42',	'review_image'),
('5a7c80e3-7c89-47ce-a755-e218c5da5e9f',	'2021-07-16 16:08:39',	'review_image'),
('5c8e7f8e-f22a-455f-ade4-58dc0f3d8c8c',	'2021-07-16 16:03:24',	'review_image'),
('5ebf69e0-c520-415e-b5d0-025d29fe0f35',	'2021-07-18 13:09:12',	'thumbnail'),
('60731480-04b5-4893-b113-628756ebb2d7',	'2021-07-28 22:03:06',	'thumbnail'),
('645e9dbc-8f06-488f-96f0-51088255107c',	'2021-08-03 17:55:05',	'review_image'),
('7154b743-850a-4e36-9f9b-ace48e882a3c',	'2021-07-18 20:23:46',	'review_image'),
('75721fce-2779-46bd-9598-b654a84620a9',	'2021-08-03 19:18:48',	'thumbnail'),
('75b13d25-dd55-4fe1-bb50-9b1bf9b8a041',	'2021-07-28 22:03:33',	'review_image'),
('786375d1-592f-4b85-a24c-d93767ebcb46',	'2021-07-16 16:07:33',	'review_image'),
('79e1676c-8036-4f7d-b86b-108169b76c3d',	'2021-07-09 15:03:04',	'user_thumbnail'),
('7a1bbcf1-1242-45a9-8b27-a3f3adec0a5a',	'2021-08-15 21:32:25',	'user_thumbnail'),
('7ae1a3ed-419d-4df5-9ca0-3a72d856354b',	'2021-07-29 21:00:31',	'review_image'),
('7b65c9c2-a2cd-4bbc-be3e-e96916d9f4d7',	'2021-07-18 21:45:36',	'thumbnail'),
('7cbf8e10-fe12-4066-be79-01fb09a755a6',	'2021-07-18 20:42:39',	'review_image'),
('817575e1-c139-4a7b-8243-e71747b76bde',	'2021-08-15 21:18:34',	'user_thumbnail'),
('819944fc-0dd7-4ec7-b8f7-73a5fd93cf6b',	'2021-07-18 20:10:48',	'review_image'),
('86ef6334-c022-4528-a1d8-cde9dd8771b0',	'2021-07-16 15:15:56',	'user_thumbnail'),
('86f0e2ed-9988-4f02-81df-c86362fc5798',	'2021-07-20 23:29:57',	'review_image'),
('87e8588f-e3c3-439f-82cf-6eeda72787fd',	'2021-07-05 15:55:09',	'thumbnail'),
('8a035869-5ecf-4aba-a8e7-e1f4927c3deb',	'2021-07-16 17:58:52',	'review_image'),
('8b44d521-2458-4e70-a192-c090165d78ee',	'2021-07-20 23:26:10',	'user_thumbnail'),
('8b95b8b6-4192-40b1-b3b2-9851613fdbef',	'2021-07-29 21:37:43',	'user_thumbnail'),
('8bf860ac-b230-4187-a177-332f070ce85f',	'2021-07-25 12:54:18',	'review_image'),
('8c1d5671-3e43-4fac-bfdf-fcfde1344e9e',	'2021-08-02 20:02:24',	'review_image'),
('8d5c279b-9713-4e92-ba5b-14a996753609',	'2021-08-02 00:32:28',	'review_image'),
('8ea9ee87-a408-4bea-8ec9-d442585e4b5b',	'2021-08-15 20:47:53',	'user_thumbnail'),
('8ede3655-16a8-4ceb-97a1-b3db18254d17',	'2021-07-25 17:01:56',	'user_thumbnail'),
('8f9b19e9-51ef-436b-8d5e-070f4799cc37',	'2021-07-18 20:38:37',	'review_image'),
('92d778c5-bd5d-4234-9cd6-ad1bf964932b',	'2021-07-21 12:50:18',	'thumbnail'),
('981d2c52-598d-4765-bb12-98b9fb34db08',	'2021-07-29 20:56:15',	'user_thumbnail'),
('99d8a537-cb2f-4458-9732-142bb2378574',	'2021-07-20 21:37:57',	'thumbnail'),
('9a588bc0-5c79-445c-8689-23b302bf1e4b',	'2021-07-29 21:29:11',	'review_image'),
('9c9b2f26-b376-41ec-85b6-005762158f2f',	'2021-07-28 22:25:46',	'thumbnail'),
('a134603c-600c-42eb-b5d2-e310cefb1d48',	'2021-07-05 15:56:01',	'thumbnail'),
('a20c6130-9920-4545-91b5-fb4089c3ab68',	'2021-07-24 23:09:09',	'review_image'),
('a23e853a-7fd5-477e-a812-8c9939d8d429',	'2021-07-16 16:09:34',	'review_image'),
('a532f0c0-1c8f-4636-b83e-2b780ffac3a7',	'2021-07-29 21:32:46',	'review_image'),
('a76720ce-60ac-410e-902e-342d29b91dbb',	'2021-07-05 15:49:57',	'thumbnail'),
('a7bcc51e-efdf-4f95-8c17-e381b4b6766a',	'2021-07-07 20:56:48',	'user_thumbnail'),
('a7c927db-eab2-44d8-a780-173bd8192bab',	'2021-06-28 09:37:48',	'review_image'),
('a9178b72-9002-4004-8a4a-b9a82d497aec',	'2021-07-16 17:19:58',	'review_image'),
('a9fbb0fb-78a0-4666-afba-52f522158378',	'2021-07-21 16:04:36',	'review_image'),
('ab4bb40f-993a-4ec4-a28b-dfc748d00f15',	'2021-07-20 23:29:11',	'thumbnail'),
('ab6e8c5a-5065-4f7f-93c4-36ff477053ad',	'2021-07-17 16:55:17',	'review_image'),
('ac32cb81-981f-437f-a853-61d5f56bb7f0',	'2021-06-28 09:40:58',	'review_image'),
('ad7f19b3-0b0f-454e-928c-f2a2d0bf61bc',	'2021-08-01 16:42:49',	'thumbnail'),
('afc924d4-df50-46d5-818b-26a8c6b942b6',	'2021-07-24 23:07:47',	'thumbnail'),
('b058d469-d03d-42ca-a8b6-b0a9d1c040f5',	'2021-08-03 17:58:41',	'user_thumbnail'),
('b2211ab2-6720-478d-abfe-0f888a6d11a0',	'2021-07-04 21:21:53',	'review_image'),
('b7aad4a4-148d-4f0d-a22a-e0c4ad8d5e7f',	'2021-08-08 20:05:36',	'review_image'),
('bbca0459-2390-438d-bffa-18f30579e3cf',	'2021-06-28 09:42:04',	'review_image'),
('bbd86460-540b-488c-98e7-922e8347c4aa',	'2021-07-18 20:22:43',	'review_image'),
('c00b57d1-a9f7-43b6-8f82-8c41770d7937',	'2021-08-15 21:33:16',	'user_thumbnail'),
('c04a75ad-e25a-42d2-a79e-db303bdbc2a6',	'2021-07-29 21:33:08',	'review_image'),
('c1bc032e-a00d-4442-a28c-1501445151b2',	'2021-07-25 17:08:45',	'review_image'),
('c984aad8-95bc-4076-bcb2-600148e60e24',	'2021-07-21 16:34:03',	'thumbnail'),
('cbffef95-47cc-4226-9517-59d59fb8bfc5',	'2021-07-17 19:59:34',	'review_image'),
('cc89d2f4-7c45-440b-b35e-4a68d3a75ea1',	'2021-07-16 16:14:13',	'review_image'),
('ccab9df8-dc22-42aa-89bf-4b09ba8494f3',	'2021-08-11 12:26:59',	'thumbnail'),
('ce3871ee-95c8-46f5-97f1-df32e826fc35',	'2021-07-29 21:30:18',	'review_image'),
('d1503fb3-553f-4256-9a71-6c6cea8bb180',	'2021-07-05 15:58:03',	'thumbnail'),
('d240c94e-b904-403e-9f40-28d85fe32868',	'2021-07-24 22:26:23',	'review_image'),
('d25791fd-5ded-4e8d-bb2d-9de7dcb4710b',	'2021-08-03 17:54:43',	'thumbnail'),
('d5652df2-7b02-4994-ad6a-52ad598375dc',	'2021-07-20 15:39:11',	'user_thumbnail'),
('d5fad61b-6da5-4ff5-997d-995ce3e5c93c',	'2021-07-16 17:21:08',	'user_thumbnail'),
('d643f84d-2b91-4e5f-92d8-e3c140404be8',	'2021-07-18 14:11:40',	'review_image'),
('d82e5f86-ac79-4611-8b82-2c73c0363098',	'2021-07-25 12:49:56',	'review_image'),
('dad9b8f5-4a86-462f-9fb8-7360b95f2d6d',	'2021-07-17 00:05:34',	'review_image'),
('dd7565b1-3f27-4231-ab64-76df4d0dc6fd',	'2021-07-21 12:50:51',	'review_image'),
('e61b6a0a-a801-48b7-a047-2fe66694b5d3',	'2021-07-19 14:43:54',	'review_image'),
('e7bd8093-5025-4cfa-b171-a8d0395d7e81',	'2021-07-19 14:42:57',	'thumbnail'),
('e90cd533-b915-4194-8fd4-d4887d4e56fb',	'2021-06-28 09:37:57',	'review_image'),
('ea4eb3af-5e7a-4d32-9079-b96327646897',	'2021-07-28 22:27:09',	'review_image'),
('eadb23c0-f599-42e6-b907-ff24167f2167',	'2021-08-15 20:52:04',	'user_thumbnail'),
('ec3131d0-d44c-492f-becb-a028239fd072',	'2021-08-15 21:44:19',	'user_thumbnail'),
('eda463ef-79c6-4901-80ad-d57edc99d472',	'2021-06-28 09:38:20',	'review_image'),
('edc66168-0df6-48a5-b50f-9d641bf17ba7',	'2021-07-24 23:10:16',	'review_image'),
('f010726d-6a2e-428a-b8c9-c4a15d6d47ff',	'2021-07-29 21:30:12',	'review_image'),
('f27f2d4f-fb2b-446d-aa61-0242a4d7f1c6',	'2021-07-16 15:43:39',	'review_image'),
('f42abdfe-fba5-4bda-b49b-2bf8e778e849',	'2021-06-26 10:14:26',	'thumbnail'),
('f4dca326-a7ab-4a8e-9c18-0e6d5f30aca2',	'2021-07-16 13:29:38',	'user_thumbnail'),
('f5a04b21-425a-4afd-ba3d-144e3cc8ef2b',	'2021-07-01 12:07:10',	'review_image'),
('f5b840b9-7067-413c-9408-7e5b0c1c72d4',	'2021-07-18 20:39:43',	'review_image'),
('f83ef8c2-cead-4627-8056-7b6ad508b138',	'2021-07-24 23:09:33',	'user_thumbnail'),
('f9428b95-7ea0-442f-9785-44837435a195',	'2021-07-16 21:07:15',	'review_image'),
('f9843028-c8b4-4f35-b673-79a0dc3678e9',	'2021-08-03 21:40:59',	'review_image'),
('f9d589ba-2acb-440a-97f5-69f5cf574323',	'2021-07-18 20:14:16',	'review_image');

TRUNCATE `mail_auth`;
INSERT INTO `mail_auth` (`mail_auth_id`, `user_id`, `date_create`, `date_expire`, `auth_code`, `date_auth`, `is_auth`) VALUES
(39,	'be364efb-1a0f-4ad3-8974-260643ccce32',	'2021-07-20 21:32:56',	'2021-07-20 21:35:44',	'75094641',	NULL,	'N'),
(40,	'5544fa0e-639a-4536-a811-36b1b11ad743',	'2021-07-20 21:36:23',	'2021-07-20 21:39:11',	'b5b56773',	NULL,	'N'),
(41,	'87517ccd-836b-4b43-847a-958fabeac75c',	'2021-07-20 21:55:09',	'2021-07-20 21:57:57',	'e703f166',	NULL,	'N'),
(42,	'8c95df30-d381-4c3a-b831-68c0daeb3a3b',	'2021-07-20 22:06:13',	'2021-07-20 22:09:01',	'b8ab16cb',	NULL,	'N'),
(43,	'bfece06b-a964-4f79-a2aa-e4101ee47d76',	'2021-07-20 23:14:58',	'2021-07-20 23:17:45',	'82d324f1',	NULL,	'N'),
(44,	'cd76a643-ae99-4bfe-a463-0200a92299b3',	'2021-07-20 23:18:16',	'2021-07-20 23:21:04',	'14aaff42',	NULL,	'N'),
(45,	'960a8995-ab14-470c-b606-7afaec5f8a9f',	'2021-07-21 19:30:55',	'2021-07-21 19:33:52',	'd1a33ef7',	NULL,	'N'),
(46,	'4b5c8ec4-416c-40b2-8634-e058ef571d3b',	'2021-07-25 03:18:10',	'2021-07-25 03:21:03',	'b0cc9ec4',	NULL,	'N'),
(47,	'8f4977ae-077b-43c3-a0c5-d4e20c04008b',	'2021-07-25 14:47:48',	'2021-07-25 14:50:37',	'c691a358',	NULL,	'N'),
(48,	'670d78c0-b16b-4bfc-a6b9-996b05d90e25',	'2021-07-27 20:37:44',	'2021-07-27 20:40:40',	'1596d5c3',	NULL,	'N'),
(49,	'407424b7-0c25-4fbe-bfe0-4654b1f88675',	'2021-07-28 20:25:46',	'2021-07-28 20:28:43',	'61089993',	NULL,	'N'),
(50,	'd7982422-4121-496f-a5f3-e610ca2df8f5',	'2021-07-29 16:22:13',	'2021-07-29 16:25:11',	'dfd6baa8',	NULL,	'N'),
(51,	'baf438da-db58-45aa-9032-6ad26597e7bb',	'2021-07-29 20:56:15',	'2021-07-29 20:59:12',	'0113d399',	NULL,	'N'),
(52,	'dffc206e-75af-46b0-a454-a2b285c5ef58',	'2021-07-29 21:37:43',	'2021-07-29 21:40:39',	'81abbc2f',	NULL,	'N'),
(53,	'176cacb9-8a73-4265-90c4-33673c800434',	'2021-08-05 13:01:54',	'2021-08-05 13:04:53',	'9764fc08',	NULL,	'N'),
(54,	'adaa3308-1025-49b0-9d9f-f98fc94543d1',	'2021-08-15 20:22:27',	'2021-08-15 20:25:05',	'0df50c15',	NULL,	'N'),
(55,	'9c16852a-eff5-4996-82be-2dce13e1133e',	'2021-08-15 20:47:07',	'2021-08-15 20:49:45',	'e90cbe7c',	NULL,	'N'),
(56,	'00e64e57-083c-45bd-8912-8b0e38906198',	'2021-08-15 20:47:53',	'2021-08-15 20:50:30',	'10871a5e',	NULL,	'N'),
(57,	'ccd20e92-b335-403b-95fd-7a9717f84b06',	'2021-08-15 20:52:04',	'2021-08-15 20:54:41',	'af6cd9b0',	NULL,	'N'),
(58,	'040b4d1f-e704-4e75-9ab7-f6fa55a19818',	'2021-08-15 21:18:34',	'2021-08-15 21:21:11',	'65178915',	NULL,	'N'),
(59,	'358a59a9-4f36-44d0-ab78-a1aa027ecd36',	'2021-08-15 21:32:25',	'2021-08-15 21:35:02',	'dfdc89ef',	NULL,	'N'),
(60,	'ec23a2fc-f4b5-40ca-b8dd-fcbe23fb6042',	'2021-08-15 21:33:16',	'2021-08-15 21:35:53',	'5df22e55',	NULL,	'N'),
(61,	'50e68935-168c-4f6b-b0e1-d7be1cbf91c7',	'2021-08-15 21:44:19',	'2021-08-15 21:46:56',	'1dd8803b',	NULL,	'N');

TRUNCATE `mall`;
INSERT INTO `mall` (`mall_id`, `user_id`, `date_create`, `mall_name`, `contact`, `category_name`, `address`, `latitude`, `longitude`, `thumbnail`, `evaluate_average`, `recommend_count`, `is_active`, `gate_location`, `kakao_mall_id`) VALUES
(36,	'5544fa0e-639a-4536-a811-36b1b11ad743',	'2021-07-20 21:37:57',	'',	NULL,	'',	'   1321-2',	35.894697690918576,	128.6112701960862,	'99d8a537-cb2f-4458-9732-142bb2378574',	3.923076923076923,	6,	'Y',	'',	800458408),
(37,	'bfece06b-a964-4f79-a2aa-e4101ee47d76',	'2021-07-20 23:29:11',	'',	NULL,	' ',	'   1321-5',	35.8946462818903,	128.611072021845,	'ab4bb40f-993a-4ec4-a28b-dfc748d00f15',	0,	2,	'Y',	'',	26224440),
(38,	'cd76a643-ae99-4bfe-a463-0200a92299b3',	'2021-07-21 00:08:32',	'',	NULL,	'',	'   19-18',	35.88483337357605,	128.61264717084572,	NULL,	NULL,	1,	'Y',	'/',	17811685),
(39,	'bfece06b-a964-4f79-a2aa-e4101ee47d76',	'2021-07-21 12:50:18',	' ',	NULL,	'',	'   1308-6',	35.8947388667741,	128.610887840566,	'92d778c5-bd5d-4234-9cd6-ad1bf964932b',	0,	1,	'Y',	'',	1339351759),
(40,	'bfece06b-a964-4f79-a2aa-e4101ee47d76',	'2021-07-21 16:34:03',	'',	NULL,	'',	'   17-68',	35.8852914193118,	128.612224591479,	'c984aad8-95bc-4076-bcb2-600148e60e24',	5,	0,	'Y',	'/',	1674092893),
(41,	'cd76a643-ae99-4bfe-a463-0200a92299b3',	'2021-07-21 21:05:48',	'',	NULL,	'',	'   1414-77',	35.8924070743523,	128.606556960923,	NULL,	NULL,	0,	'Y',	'',	26070398),
(42,	'960a8995-ab14-470c-b606-7afaec5f8a9f',	'2021-07-24 23:07:47',	'',	NULL,	'',	'   597-18',	35.89240740445286,	128.6150633170596,	'afc924d4-df50-46d5-818b-26a8c6b942b6',	4,	0,	'Y',	'',	16261942),
(43,	'1234',	'2021-07-24 15:26:30',	'',	NULL,	'',	'  13 3-35',	11,	11,	'16c5eeca-d012-4284-8e72-e0878082c305',	5,	0,	'Y',	'',	21524474),
(44,	'407424b7-0c25-4fbe-bfe0-4654b1f88675',	'2021-07-28 22:01:18',	'',	NULL,	'',	'   1414-1',	35.8924458015572,	128.607164628631,	'4e1cec21-e5ce-470e-96c3-3f460071141d',	4.5,	0,	'Y',	'',	739346609),
(45,	'407424b7-0c25-4fbe-bfe0-4654b1f88675',	'2021-07-28 22:03:06',	'',	NULL,	'',	'   189-7',	35.884854432287064,	128.60906200472357,	'60731480-04b5-4893-b113-628756ebb2d7',	4,	1,	'Y',	'/',	1364253005),
(46,	'670d78c0-b16b-4bfc-a6b9-996b05d90e25',	'2021-07-28 22:09:25',	' ',	NULL,	'',	'   1331-3',	35.8938847800628,	128.609798498881,	NULL,	NULL,	0,	'Y',	'',	956254759),
(47,	'407424b7-0c25-4fbe-bfe0-4654b1f88675',	'2021-07-28 22:25:47',	'',	NULL,	'',	'   1326-26',	35.8937231477049,	128.607872654395,	'9c9b2f26-b376-41ec-85b6-005762158f2f',	4,	1,	'Y',	'',	165810131),
(48,	'87517ccd-836b-4b43-847a-958fabeac75c',	'2021-07-31 13:23:32',	' ',	NULL,	'',	'   1327-16',	35.893434903043,	128.609209075961,	'07458fa4-095f-48a4-adaa-0e4789f03500',	5,	1,	'Y',	'',	26613994),
(49,	'670d78c0-b16b-4bfc-a6b9-996b05d90e25',	'2021-08-01 16:42:49',	' ',	NULL,	'',	'   1328-5',	35.89404622954,	128.610661169814,	'ad7f19b3-0b0f-454e-928c-f2a2d0bf61bc',	4,	0,	'Y',	'',	27460007),
(50,	'670d78c0-b16b-4bfc-a6b9-996b05d90e25',	'2021-08-01 17:11:32',	'',	NULL,	'',	'   693-4',	35.8881656296524,	128.61694720836,	NULL,	0,	0,	'Y',	'',	512480414),
(51,	'670d78c0-b16b-4bfc-a6b9-996b05d90e25',	'2021-08-02 20:01:58',	' ',	NULL,	'',	'   1393-11',	35.8926839682366,	128.608759752586,	'282df8dd-029a-48ac-9d58-f5dd92231e83',	0,	0,	'Y',	'',	1409426251),
(52,	'670d78c0-b16b-4bfc-a6b9-996b05d90e25',	'2021-08-03 17:54:43',	'BHC ',	NULL,	' ',	'   1313-62',	35.8937136668429,	128.609387484299,	'd25791fd-5ded-4e8d-bb2d-9de7dcb4710b',	5,	0,	'Y',	'',	568191606),
(53,	'670d78c0-b16b-4bfc-a6b9-996b05d90e25',	'2021-08-03 19:18:49',	'',	NULL,	'',	'   1279-2',	35.896138770318,	128.61226515052581,	'75721fce-2779-46bd-9598-b654a84620a9',	0,	1,	'Y',	'',	160758800),
(54,	'670d78c0-b16b-4bfc-a6b9-996b05d90e25',	'2021-08-05 16:35:05',	' ',	NULL,	'',	'   1308-4',	35.8946362253197,	128.610478206362,	NULL,	NULL,	0,	'Y',	'',	27487579),
(55,	'670d78c0-b16b-4bfc-a6b9-996b05d90e25',	'2021-08-05 16:38:37',	'',	NULL,	'',	'   1331-2',	35.8936850580481,	128.609639408619,	NULL,	NULL,	0,	'Y',	'',	27587399),
(56,	'87517ccd-836b-4b43-847a-958fabeac75c',	'2021-08-08 16:14:02',	' ',	NULL,	'',	'   1321-19',	35.8945981470364,	128.61130140298,	NULL,	NULL,	0,	'Y',	'',	689287830),
(57,	'670d78c0-b16b-4bfc-a6b9-996b05d90e25',	'2021-08-11 12:26:59',	' ',	NULL,	'',	'   1412-34',	35.8927615994042,	128.607538689009,	'ccab9df8-dc22-42aa-89bf-4b09ba8494f3',	4,	0,	'Y',	'',	18823778),
(58,	'ec23a2fc-f4b5-40ca-b8dd-fcbe23fb6042',	'2021-08-15 21:34:04',	' ',	NULL,	'',	'   1327-22',	35.8942480688903,	128.610124809403,	NULL,	NULL,	0,	'Y',	'',	19533218);

TRUNCATE `menu`;
INSERT INTO `menu` (`menu_id`, `mall_id`, `menu_name`, `like`, `dislike`, `date_create`) VALUES
(36,	36,	'',	23,	0,	'2021-07-20 22:19:06'),
(37,	37,	' ',	2,	0,	'2021-07-20 23:29:56'),
(38,	39,	'',	2,	0,	'2021-07-21 12:50:51'),
(39,	36,	'',	1,	1,	'2021-07-24 22:00:52'),
(40,	36,	'',	1,	0,	'2021-07-24 22:06:46'),
(41,	36,	'',	1,	1,	'2021-07-24 22:26:22'),
(42,	42,	'',	1,	0,	'2021-07-24 23:09:08'),
(43,	42,	'',	1,	0,	'2021-07-24 23:10:16'),
(44,	40,	'',	1,	0,	'2021-07-27 12:24:55'),
(45,	44,	'',	2,	0,	'2021-07-28 22:01:39'),
(46,	45,	' ',	1,	0,	'2021-07-28 22:03:33'),
(47,	45,	'',	1,	0,	'2021-07-28 22:06:17'),
(48,	47,	'',	1,	0,	'2021-07-28 22:27:09'),
(49,	43,	'',	2,	0,	'2021-07-29 14:22:22'),
(50,	44,	'',	1,	0,	'2021-07-29 15:41:41'),
(51,	50,	'',	1,	0,	'2021-08-01 17:11:55'),
(52,	49,	' ',	1,	0,	'2021-08-02 00:32:27'),
(53,	51,	'',	1,	0,	'2021-08-02 20:02:23'),
(54,	52,	'',	1,	0,	'2021-08-03 17:55:05'),
(55,	48,	'',	1,	0,	'2021-08-03 19:17:57'),
(56,	53,	'',	2,	0,	'2021-08-03 19:19:19'),
(57,	37,	' ',	1,	0,	'2021-08-03 21:40:58'),
(58,	57,	'',	2,	0,	'2021-08-11 12:27:26');

TRUNCATE `menu_list`;
INSERT INTO `menu_list` (`menu_list_id`, `review_id`, `menu_id`) VALUES
(74,	58,	36),
(75,	59,	37),
(76,	60,	38),
(77,	61,	36),
(78,	62,	39),
(79,	63,	36),
(80,	64,	40),
(81,	65,	41),
(82,	66,	42),
(83,	67,	43),
(84,	68,	39),
(85,	69,	36),
(86,	70,	37),
(87,	71,	44),
(88,	72,	45),
(89,	73,	46),
(90,	74,	47),
(91,	75,	48),
(92,	76,	49),
(93,	77,	49),
(94,	78,	50),
(95,	79,	36),
(96,	80,	36),
(97,	81,	36),
(98,	82,	36),
(99,	83,	36),
(100,	84,	36),
(101,	85,	36),
(102,	86,	36),
(103,	87,	36),
(104,	88,	36),
(105,	89,	36),
(106,	90,	36),
(107,	91,	36),
(108,	92,	36),
(109,	93,	45),
(110,	94,	51),
(111,	95,	52),
(112,	96,	53),
(113,	97,	54),
(114,	98,	55),
(115,	99,	56),
(116,	100,	57),
(117,	101,	56),
(118,	102,	41),
(119,	103,	38),
(120,	104,	36),
(121,	105,	36),
(122,	106,	36),
(123,	107,	36),
(124,	108,	36),
(125,	109,	58),
(126,	110,	58);

TRUNCATE `my_recommend`;
INSERT INTO `my_recommend` (`recommend_id`, `user_id`, `mall_id`, `date_create`, `is_active`) VALUES
(18,	'5544fa0e-639a-4536-a811-36b1b11ad743',	36,	'2021-07-20 21:57:56',	'Y'),
(19,	'8c95df30-d381-4c3a-b831-68c0daeb3a3b',	36,	'2021-07-20 22:18:52',	'Y'),
(20,	'bfece06b-a964-4f79-a2aa-e4101ee47d76',	37,	'2021-07-20 23:30:16',	'Y'),
(21,	'cd76a643-ae99-4bfe-a463-0200a92299b3',	36,	'2021-07-20 23:42:10',	'N'),
(22,	'cd76a643-ae99-4bfe-a463-0200a92299b3',	38,	'2021-07-21 00:10:46',	'Y'),
(23,	'bfece06b-a964-4f79-a2aa-e4101ee47d76',	39,	'2021-07-21 12:51:57',	'Y'),
(24,	'960a8995-ab14-470c-b606-7afaec5f8a9f',	36,	'2021-07-24 23:07:12',	'Y'),
(25,	'8f4977ae-077b-43c3-a0c5-d4e20c04008b',	36,	'2021-07-25 17:02:19',	'Y'),
(26,	'8f4977ae-077b-43c3-a0c5-d4e20c04008b',	37,	'2021-07-27 12:51:14',	'Y'),
(27,	'407424b7-0c25-4fbe-bfe0-4654b1f88675',	47,	'2021-07-28 22:30:17',	'Y'),
(28,	'407424b7-0c25-4fbe-bfe0-4654b1f88675',	45,	'2021-07-28 22:30:22',	'Y'),
(29,	'670d78c0-b16b-4bfc-a6b9-996b05d90e25',	47,	'2021-07-28 22:37:49',	'N'),
(30,	'670d78c0-b16b-4bfc-a6b9-996b05d90e25',	44,	'2021-07-28 22:38:00',	'N'),
(31,	'87517ccd-836b-4b43-847a-958fabeac75c',	36,	'2021-07-29 15:38:37',	'Y'),
(32,	'87517ccd-836b-4b43-847a-958fabeac75c',	44,	'2021-07-29 15:38:41',	'N'),
(33,	'87517ccd-836b-4b43-847a-958fabeac75c',	37,	'2021-07-29 19:03:18',	'N'),
(34,	'87517ccd-836b-4b43-847a-958fabeac75c',	47,	'2021-08-01 16:55:01',	'N'),
(35,	'baf438da-db58-45aa-9032-6ad26597e7bb',	48,	'2021-08-02 21:38:13',	'Y'),
(36,	'baf438da-db58-45aa-9032-6ad26597e7bb',	36,	'2021-08-02 21:38:51',	'Y'),
(37,	'670d78c0-b16b-4bfc-a6b9-996b05d90e25',	43,	'2021-08-03 21:41:17',	'N'),
(38,	'87517ccd-836b-4b43-847a-958fabeac75c',	46,	'2021-08-05 00:48:58',	'N'),
(39,	'87517ccd-836b-4b43-847a-958fabeac75c',	48,	'2021-08-05 00:49:20',	'N'),
(40,	'87517ccd-836b-4b43-847a-958fabeac75c',	51,	'2021-08-05 00:52:25',	'N'),
(41,	'87517ccd-836b-4b43-847a-958fabeac75c',	53,	'2021-08-05 00:59:52',	'N'),
(42,	'670d78c0-b16b-4bfc-a6b9-996b05d90e25',	53,	'2021-08-08 16:45:24',	'Y');

TRUNCATE `notice`;
INSERT INTO `notice` (`notice_id`, `user_id`, `date_create`, `title`, `contents`, `is_active`) VALUES
(11,	'4b5c8ec4-416c-40b2-8634-e058ef571d3b',	'2021-07-24 18:22:23',	'aaa',	'bbb',	'Y'),
(12,	'1234',	'2021-07-25 06:43:11',	' .',	' \r\n ',	'Y'),
(13,	'1234',	'2021-07-25 06:48:24',	'  ',	'  .\r\n  .\r\n\r\n  .\r\n  .\r\n',	'Y');

TRUNCATE `report`;

TRUNCATE `review`;
INSERT INTO `review` (`review_id`, `user_id`, `mall_id`, `date_create`, `contents`, `evaluate`, `review_image`, `is_active`) VALUES
(58,	'8c95df30-d381-4c3a-b831-68c0daeb3a3b',	36,	'2021-07-20 22:19:07',	' ',	5,	'2d8a89fa-eb1e-46bc-b639-f9bb43aea318',	'Y'),
(59,	'bfece06b-a964-4f79-a2aa-e4101ee47d76',	37,	'2021-07-20 23:29:57',	' ',	5,	'86f0e2ed-9988-4f02-81df-c86362fc5798',	'N'),
(60,	'bfece06b-a964-4f79-a2aa-e4101ee47d76',	39,	'2021-07-21 12:50:52',	' ',	5,	'dd7565b1-3f27-4231-ab64-76df4d0dc6fd',	'N'),
(61,	'bfece06b-a964-4f79-a2aa-e4101ee47d76',	36,	'2021-07-21 16:04:36',	' ',	5,	'a9fbb0fb-78a0-4666-afba-52f522158378',	'N'),
(62,	'cd76a643-ae99-4bfe-a463-0200a92299b3',	36,	'2021-07-24 22:00:52',	'',	4,	NULL,	'Y'),
(63,	'cd76a643-ae99-4bfe-a463-0200a92299b3',	36,	'2021-07-24 22:02:28',	'',	4,	NULL,	'Y'),
(64,	'cd76a643-ae99-4bfe-a463-0200a92299b3',	36,	'2021-07-24 22:06:49',	'',	4,	'53246780-70c5-428e-91e2-16108d735ca3',	'Y'),
(65,	'cd76a643-ae99-4bfe-a463-0200a92299b3',	36,	'2021-07-24 22:26:23',	'',	3,	'd240c94e-b904-403e-9f40-28d85fe32868',	'Y'),
(66,	'960a8995-ab14-470c-b606-7afaec5f8a9f',	42,	'2021-07-24 23:09:09',	'   ',	4,	'a20c6130-9920-4545-91b5-fb4089c3ab68',	'N'),
(67,	'960a8995-ab14-470c-b606-7afaec5f8a9f',	42,	'2021-07-24 23:10:17',	'     ',	4,	'edc66168-0df6-48a5-b50f-9d641bf17ba7',	'Y'),
(68,	'960a8995-ab14-470c-b606-7afaec5f8a9f',	36,	'2021-07-25 12:49:56',	' ',	4,	'd82e5f86-ac79-4611-8b82-2c73c0363098',	'Y'),
(69,	'960a8995-ab14-470c-b606-7afaec5f8a9f',	36,	'2021-07-25 12:54:18',	' .         .             ',	5,	'8bf860ac-b230-4187-a177-332f070ce85f',	'Y'),
(70,	'8f4977ae-077b-43c3-a0c5-d4e20c04008b',	37,	'2021-07-25 17:08:45',	' ',	4,	'c1bc032e-a00d-4442-a28c-1501445151b2',	'N'),
(71,	'8f4977ae-077b-43c3-a0c5-d4e20c04008b',	40,	'2021-07-27 12:24:56',	' ',	5,	'32d8d2b4-52e8-4747-be88-838b66fcb361',	'Y'),
(72,	'407424b7-0c25-4fbe-bfe0-4654b1f88675',	44,	'2021-07-28 22:01:40',	' ',	5,	'57b0b4d7-cc4d-4c6a-97b6-e38e0557e9ab',	'Y'),
(73,	'407424b7-0c25-4fbe-bfe0-4654b1f88675',	45,	'2021-07-28 22:03:34',	'     ',	4,	'75b13d25-dd55-4fe1-bb50-9b1bf9b8a041',	'N'),
(74,	'407424b7-0c25-4fbe-bfe0-4654b1f88675',	45,	'2021-07-28 22:06:18',	'  ',	4,	'30aa48ed-9206-48c7-b199-9ed1e9d6cdcb',	'Y'),
(75,	'407424b7-0c25-4fbe-bfe0-4654b1f88675',	47,	'2021-07-28 22:27:10',	'',	4,	'ea4eb3af-5e7a-4d32-9079-b96327646897',	'Y'),
(76,	'407424b7-0c25-4fbe-bfe0-4654b1f88675',	43,	'2021-07-29 14:22:23',	'    ',	5,	'16c5eeca-d012-4284-8e72-e0878082c305',	'Y'),
(77,	'407424b7-0c25-4fbe-bfe0-4654b1f88675',	43,	'2021-07-29 14:23:10',	'    ',	5,	'139482cc-5511-4109-bae2-1ac7781bc451',	'Y'),
(78,	'87517ccd-836b-4b43-847a-958fabeac75c',	44,	'2021-07-29 15:41:43',	'!!!!!!',	4,	'5a0962ac-aa19-46a3-9d79-fe79adbca2b3',	'Y'),
(79,	'baf438da-db58-45aa-9032-6ad26597e7bb',	36,	'2021-07-29 21:00:12',	'review',	4,	'2a0935aa-e907-40e3-80a1-0708a997cd19',	'N'),
(80,	'baf438da-db58-45aa-9032-6ad26597e7bb',	36,	'2021-07-29 21:00:26',	'review',	4,	'1cb99c06-dbb7-4186-aca2-beef7519aa57',	'N'),
(81,	'baf438da-db58-45aa-9032-6ad26597e7bb',	36,	'2021-07-29 21:00:31',	'review',	4,	'7ae1a3ed-419d-4df5-9ca0-3a72d856354b',	'N'),
(82,	'baf438da-db58-45aa-9032-6ad26597e7bb',	36,	'2021-07-29 21:29:01',	'review',	4,	'49a719c6-8fea-4305-96ba-c57041f58493',	'Y'),
(83,	'baf438da-db58-45aa-9032-6ad26597e7bb',	36,	'2021-07-29 21:29:12',	'review',	4,	'9a588bc0-5c79-445c-8689-23b302bf1e4b',	'Y'),
(84,	'baf438da-db58-45aa-9032-6ad26597e7bb',	36,	'2021-07-29 21:29:16',	'review',	4,	'5217049f-158b-405d-952f-0004ac188602',	'Y'),
(85,	'baf438da-db58-45aa-9032-6ad26597e7bb',	36,	'2021-07-29 21:29:21',	'review',	5,	'261858b3-0b87-4d46-bd25-9765447e0110',	'N'),
(86,	'baf438da-db58-45aa-9032-6ad26597e7bb',	36,	'2021-07-29 21:29:44',	'review',	5,	'189c0518-5f06-4fd5-a62c-d0f8a092ff61',	'N'),
(87,	'baf438da-db58-45aa-9032-6ad26597e7bb',	36,	'2021-07-29 21:29:59',	'review',	3,	'273dd7d2-89e1-4523-9ee6-01c160bfef5c',	'N'),
(88,	'baf438da-db58-45aa-9032-6ad26597e7bb',	36,	'2021-07-29 21:30:12',	'review',	3,	'f010726d-6a2e-428a-b8c9-c4a15d6d47ff',	'Y'),
(89,	'baf438da-db58-45aa-9032-6ad26597e7bb',	36,	'2021-07-29 21:30:18',	'review',	3,	'ce3871ee-95c8-46f5-97f1-df32e826fc35',	'N'),
(90,	'baf438da-db58-45aa-9032-6ad26597e7bb',	36,	'2021-07-29 21:32:46',	'review',	3,	'a532f0c0-1c8f-4636-b83e-2b780ffac3a7',	'N'),
(91,	'baf438da-db58-45aa-9032-6ad26597e7bb',	36,	'2021-07-29 21:33:09',	'review',	3,	'c04a75ad-e25a-42d2-a79e-db303bdbc2a6',	'Y'),
(92,	'baf438da-db58-45aa-9032-6ad26597e7bb',	36,	'2021-07-29 21:33:12',	'review',	3,	'008a36aa-26cd-4a2c-8236-31d4f834c0be',	'N'),
(93,	'670d78c0-b16b-4bfc-a6b9-996b05d90e25',	44,	'2021-08-01 16:44:55',	' ',	4,	NULL,	'N'),
(94,	'670d78c0-b16b-4bfc-a6b9-996b05d90e25',	50,	'2021-08-01 17:11:56',	'',	5,	NULL,	'N'),
(95,	'670d78c0-b16b-4bfc-a6b9-996b05d90e25',	49,	'2021-08-02 00:32:28',	'  ',	4,	'8d5c279b-9713-4e92-ba5b-14a996753609',	'Y'),
(96,	'670d78c0-b16b-4bfc-a6b9-996b05d90e25',	51,	'2021-08-02 20:02:24',	' ',	5,	'8c1d5671-3e43-4fac-bfdf-fcfde1344e9e',	'N'),
(97,	'670d78c0-b16b-4bfc-a6b9-996b05d90e25',	52,	'2021-08-03 17:55:05',	'',	5,	'645e9dbc-8f06-488f-96f0-51088255107c',	'Y'),
(98,	'670d78c0-b16b-4bfc-a6b9-996b05d90e25',	48,	'2021-08-03 19:17:59',	'  ',	5,	'07458fa4-095f-48a4-adaa-0e4789f03500',	'Y'),
(99,	'670d78c0-b16b-4bfc-a6b9-996b05d90e25',	53,	'2021-08-03 19:19:19',	'   ',	4,	'4ee1b080-e211-4569-abd0-8cab916ea1d3',	'N'),
(100,	'670d78c0-b16b-4bfc-a6b9-996b05d90e25',	37,	'2021-08-03 21:40:59',	' ',	4,	'f9843028-c8b4-4f35-b673-79a0dc3678e9',	'N'),
(101,	'87517ccd-836b-4b43-847a-958fabeac75c',	53,	'2021-08-05 19:24:44',	'',	4,	NULL,	'N'),
(102,	'87517ccd-836b-4b43-847a-958fabeac75c',	36,	'2021-08-08 16:13:00',	'Dddddd',	4,	NULL,	'Y'),
(103,	'670d78c0-b16b-4bfc-a6b9-996b05d90e25',	39,	'2021-08-08 16:46:32',	'',	4,	'476d4f6d-996b-459d-b20d-c444a0d1eb44',	'N'),
(104,	'baf438da-db58-45aa-9032-6ad26597e7bb',	39,	'2021-08-08 20:05:36',	'review',	3,	'b7aad4a4-148d-4f0d-a22a-e0c4ad8d5e7f',	'N'),
(105,	'baf438da-db58-45aa-9032-6ad26597e7bb',	39,	'2021-08-08 20:06:03',	'review',	3,	'55334e99-ca4c-4f84-ba12-5f98c3d7e296',	'N'),
(106,	'baf438da-db58-45aa-9032-6ad26597e7bb',	39,	'2021-08-08 20:10:30',	'review',	3,	'1af31276-3069-4bb7-b530-c185e22d968b',	'N'),
(107,	'670d78c0-b16b-4bfc-a6b9-996b05d90e25',	39,	'2021-08-08 20:56:28',	'review',	3,	'1d7bc6f9-d6d0-47ec-a08f-19c272f00b0f',	'N'),
(108,	'670d78c0-b16b-4bfc-a6b9-996b05d90e25',	51,	'2021-08-08 20:56:33',	'review',	3,	'065561d4-050c-4841-b659-40d38e083596',	'N'),
(109,	'670d78c0-b16b-4bfc-a6b9-996b05d90e25',	57,	'2021-08-11 12:27:28',	'     ',	5,	'0bfa8deb-2435-4061-bcb2-113526e453d9',	'N'),
(110,	'670d78c0-b16b-4bfc-a6b9-996b05d90e25',	57,	'2021-08-13 19:56:07',	'',	4,	NULL,	'Y');

TRUNCATE `suggestion`;
INSERT INTO `suggestion` (`suggestion_id`, `user_id`, `contents`, `date_create`) VALUES
(19,	'670d78c0-b16b-4bfc-a6b9-996b05d90e25',	'Sassas',	'2021-08-04 20:43:55');

TRUNCATE `user`;
INSERT INTO `user` (`user_id`, `user_name`, `password`, `display_name`, `mail_address`, `date_create`, `is_active`, `medal_id`, `user_thumbnail`) VALUES
('00e64e57-083c-45bd-8912-8b0e38906198',	'nonAuth3',	'TrKPCKB8swPI4J3RdDepk7r7YwWmQLd9NWU7T6ztcDoAivkw6/DKN74VrsW02WkVI6eNmdZ9R/Y65ER+rnrA7Q==',	'e5d28f58',	'junsu@knu.ac.kr',	'2021-08-15 20:47:53',	'Y',	3,	'8ea9ee87-a408-4bea-8ec9-d442585e4b5b'),
('040b4d1f-e704-4e75-9ab7-f6fa55a19818',	'test3',	'TrKPCKB8swPI4J3RdDepk7r7YwWmQLd9NWU7T6ztcDoAivkw6/DKN74VrsW02WkVI6eNmdZ9R/Y65ER+rnrA7Q==',	'a449124967582d5c',	NULL,	'2021-08-15 21:18:34',	'Y',	3,	'817575e1-c139-4a7b-8243-e71747b76bde'),
('1234',	'abcd',	'abcd',	'abcd',	'abcd@gmail.com',	'2021-07-24 15:24:46',	'Y',	NULL,	NULL),
('176cacb9-8a73-4265-90c4-33673c800434',	'kevinkim2586',	'g7uqO+Sp1P/IhhM/7erHhhgQSgVElxH82k89uJi/56braHp9Na4SRC7R9F/NEjfjcgngSLGMayUTaUy8Mi1Ufg==',	'kevinkim',	'',	'2021-08-05 13:01:53',	'N',	3,	NULL),
('358a59a9-4f36-44d0-ab78-a1aa027ecd36',	'test4',	'TrKPCKB8swPI4J3RdDepk7r7YwWmQLd9NWU7T6ztcDoAivkw6/DKN74VrsW02WkVI6eNmdZ9R/Y65ER+rnrA7Q==',	'6b686145a1f74dbe',	NULL,	'2021-08-15 21:32:25',	'Y',	3,	'7a1bbcf1-1242-45a9-8b27-a3f3adec0a5a'),
('407424b7-0c25-4fbe-bfe0-4654b1f88675',	'kevin5',	'40tNdpD/wvVIpRAqe3B/lzkAVdP14cOCWY7NEOH8g/SBAQ2dSx2KDNE9Y8AJ1yIIQGd4kDkM+zBsBvL0AWVmFA==',	'kevin5',	'',	'2021-07-28 20:25:46',	'Y',	3,	'38799d0d-936f-4709-afbb-dcb0393e63f4'),
('4b5c8ec4-416c-40b2-8634-e058ef571d3b',	'aaaa',	'2lpJVevDQiywrB03SaXIriGw6hGHUjkDswH64YrkBJNahWgSeMvtWvdM3xXiJnUZVk6i8zt7xiUS4sfkBU2I3Q==',	'aaaa',	'aaaa@gmail.com',	'2021-07-25 03:18:09',	'Y',	3,	NULL),
('50e68935-168c-4f6b-b0e1-d7be1cbf91c7',	'test6',	'TrKPCKB8swPI4J3RdDepk7r7YwWmQLd9NWU7T6ztcDoAivkw6/DKN74VrsW02WkVI6eNmdZ9R/Y65ER+rnrA7Q==',	'18a38cc06066fa8e',	NULL,	'2021-08-15 21:44:18',	'Y',	3,	'ec3131d0-d44c-492f-becb-a028239fd072'),
('5544fa0e-639a-4536-a811-36b1b11ad743',	'kevin2',	'TrKPCKB8swPI4J3RdDepk7r7YwWmQLd9NWU7T6ztcDoAivkw6/DKN74VrsW02WkVI6eNmdZ9R/Y65ER+rnrA7Q==',	'kevin2',	'',	'2021-07-20 21:36:23',	'Y',	3,	NULL),
('670d78c0-b16b-4bfc-a6b9-996b05d90e25',	'jinzero2',	'TrKPCKB8swPI4J3RdDepk7r7YwWmQLd9NWU7T6ztcDoAivkw6/DKN74VrsW02WkVI6eNmdZ9R/Y65ER+rnrA7Q==',	'jinzero2',	'',	'2021-07-27 20:37:43',	'Y',	2,	'b058d469-d03d-42ca-a8b6-b0a9d1c040f5'),
('87517ccd-836b-4b43-847a-958fabeac75c',	'jinzero',	'TrKPCKB8swPI4J3RdDepk7r7YwWmQLd9NWU7T6ztcDoAivkw6/DKN74VrsW02WkVI6eNmdZ9R/Y65ER+rnrA7Q==',	'jinzero',	'jinzero@jinzero.com',	'2021-07-20 21:55:09',	'Y',	3,	NULL),
('8c95df30-d381-4c3a-b831-68c0daeb3a3b',	'kevin3',	'TrKPCKB8swPI4J3RdDepk7r7YwWmQLd9NWU7T6ztcDoAivkw6/DKN74VrsW02WkVI6eNmdZ9R/Y65ER+rnrA7Q==',	'kevin3',	'',	'2021-07-20 22:06:13',	'Y',	3,	'0840ef43-ffbd-4b19-bab6-bac91787e136'),
('8f4977ae-077b-43c3-a0c5-d4e20c04008b',	'kevin4',	'TrKPCKB8swPI4J3RdDepk7r7YwWmQLd9NWU7T6ztcDoAivkw6/DKN74VrsW02WkVI6eNmdZ9R/Y65ER+rnrA7Q==',	'kevin4',	'',	'2021-07-25 14:47:48',	'Y',	3,	'8ede3655-16a8-4ceb-97a1-b3db18254d17'),
('960a8995-ab14-470c-b606-7afaec5f8a9f',	'kanei',	'H6Rongm7KPgvjNmM+/3spuH9vJd2Y5rCC1C9KhfamPPr5iyY3sPffQI1eGgq5dZ0e2fe2l0DfuWWd2STOm6/hA==',	'Kanei',	'',	'2021-07-21 19:30:55',	'Y',	3,	'f83ef8c2-cead-4627-8056-7b6ad508b138'),
('9c16852a-eff5-4996-82be-2dce13e1133e',	'nonAuth2',	'TrKPCKB8swPI4J3RdDepk7r7YwWmQLd9NWU7T6ztcDoAivkw6/DKN74VrsW02WkVI6eNmdZ9R/Y65ER+rnrA7Q==',	'9d10',	'junsu@knu.ac.kr',	'2021-08-15 20:47:07',	'Y',	3,	'0ad3d94f-416b-4e95-b958-f4e9a838d97a'),
('adaa3308-1025-49b0-9d9f-f98fc94543d1',	'nonAuth',	'TrKPCKB8swPI4J3RdDepk7r7YwWmQLd9NWU7T6ztcDoAivkw6/DKN74VrsW02WkVI6eNmdZ9R/Y65ER+rnrA7Q==',	'nonAuth',	'junsu@knu.ac.kr',	'2021-08-15 20:22:27',	'Y',	3,	'08cf05ca-1351-4b43-9853-c52e8ef1ded3'),
('baf438da-db58-45aa-9032-6ad26597e7bb',	'hbjs',	'TrKPCKB8swPI4J3RdDepk7r7YwWmQLd9NWU7T6ztcDoAivkw6/DKN74VrsW02WkVI6eNmdZ9R/Y65ER+rnrA7Q==',	'hbjs',	'junsu@knu.ac.kr',	'2021-07-29 20:56:15',	'Y',	2,	'981d2c52-598d-4765-bb12-98b9fb34db08'),
('be364efb-1a0f-4ad3-8974-260643ccce32',	'kevin1',	'TrKPCKB8swPI4J3RdDepk7r7YwWmQLd9NWU7T6ztcDoAivkw6/DKN74VrsW02WkVI6eNmdZ9R/Y65ER+rnrA7Q==',	'kevin1',	'',	'2021-07-20 21:32:55',	'Y',	3,	NULL),
('bfece06b-a964-4f79-a2aa-e4101ee47d76',	'alex',	'TrKPCKB8swPI4J3RdDepk7r7YwWmQLd9NWU7T6ztcDoAivkw6/DKN74VrsW02WkVI6eNmdZ9R/Y65ER+rnrA7Q==',	'alex',	'',	'2021-07-20 23:14:58',	'Y',	3,	'268465d8-5e51-49c3-9d2b-7d7a83130ef2'),
('ccd20e92-b335-403b-95fd-7a9717f84b06',	'nonAuth4',	'TrKPCKB8swPI4J3RdDepk7r7YwWmQLd9NWU7T6ztcDoAivkw6/DKN74VrsW02WkVI6eNmdZ9R/Y65ER+rnrA7Q==',	'44019789ee1b79c0',	'junsu@knu.ac.kr',	'2021-08-15 20:52:04',	'Y',	3,	'eadb23c0-f599-42e6-b907-ff24167f2167'),
('cd76a643-ae99-4bfe-a463-0200a92299b3',	'zzero',	'TrKPCKB8swPI4J3RdDepk7r7YwWmQLd9NWU7T6ztcDoAivkw6/DKN74VrsW02WkVI6eNmdZ9R/Y65ER+rnrA7Q==',	'zero',	'',	'2021-07-20 23:18:16',	'Y',	3,	'8b44d521-2458-4e70-a192-c090165d78ee'),
('d7982422-4121-496f-a5f3-e610ca2df8f5',	'jinzero3',	'TrKPCKB8swPI4J3RdDepk7r7YwWmQLd9NWU7T6ztcDoAivkw6/DKN74VrsW02WkVI6eNmdZ9R/Y65ER+rnrA7Q==',	'jinzero3',	'',	'2021-07-29 16:22:13',	'Y',	3,	NULL),
('dffc206e-75af-46b0-a454-a2b285c5ef58',	'hbjs2',	'ORpbdZZdVoaEme95ACq7oKIiPk6qyMfKhEem1ngAOriBe72EyYwD5Cc1SZlPVbeWYBfzHZ4zkhh6Ap/O8C+PZQ==',	'hbjs2',	'junsu@knu.ac.kr',	'2021-07-29 21:37:43',	'Y',	3,	'0e52ad0d-5e33-4fd3-ba23-c42ed1e3e58a'),
('ec23a2fc-f4b5-40ca-b8dd-fcbe23fb6042',	'test5',	'TrKPCKB8swPI4J3RdDepk7r7YwWmQLd9NWU7T6ztcDoAivkw6/DKN74VrsW02WkVI6eNmdZ9R/Y65ER+rnrA7Q==',	'e894d645e65cb969',	NULL,	'2021-08-15 21:33:16',	'Y',	3,	'c00b57d1-a9f7-43b6-8f82-8c41770d7937');

TRUNCATE `user_medal_info`;
INSERT INTO `user_medal_info` (`medal_id`, `description`) VALUES
(1,	',  50 '),
(2,	',  10 '),
(3,	', ');

TRUNCATE `user_role`;
INSERT INTO `user_role` (`user_id`, `user_role_group_id`) VALUES
('00e64e57-083c-45bd-8912-8b0e38906198',	2),
('040b4d1f-e704-4e75-9ab7-f6fa55a19818',	2),
('176cacb9-8a73-4265-90c4-33673c800434',	2),
('358a59a9-4f36-44d0-ab78-a1aa027ecd36',	2),
('4b5c8ec4-416c-40b2-8634-e058ef571d3b',	2),
('9c16852a-eff5-4996-82be-2dce13e1133e',	2),
('adaa3308-1025-49b0-9d9f-f98fc94543d1',	2),
('be364efb-1a0f-4ad3-8974-260643ccce32',	2),
('ccd20e92-b335-403b-95fd-7a9717f84b06',	2),
('d7982422-4121-496f-a5f3-e610ca2df8f5',	2),
('dffc206e-75af-46b0-a454-a2b285c5ef58',	2),
('407424b7-0c25-4fbe-bfe0-4654b1f88675',	3),
('5544fa0e-639a-4536-a811-36b1b11ad743',	3),
('670d78c0-b16b-4bfc-a6b9-996b05d90e25',	3),
('87517ccd-836b-4b43-847a-958fabeac75c',	3),
('8c95df30-d381-4c3a-b831-68c0daeb3a3b',	3),
('8f4977ae-077b-43c3-a0c5-d4e20c04008b',	3),
('960a8995-ab14-470c-b606-7afaec5f8a9f',	3),
('baf438da-db58-45aa-9032-6ad26597e7bb',	3),
('bfece06b-a964-4f79-a2aa-e4101ee47d76',	3),
('cd76a643-ae99-4bfe-a463-0200a92299b3',	3),
('50e68935-168c-4f6b-b0e1-d7be1cbf91c7',	4),
('ec23a2fc-f4b5-40ca-b8dd-fcbe23fb6042',	4);

TRUNCATE `user_role_authority`;
INSERT INTO `user_role_authority` (`user_role_authority_id`, `user_role_group_id`, `name`, `description`, `create_permission`, `read_permission`, `update_permission`, `delete_permission`) VALUES
(100,	1,	'mail_auth',	' ',	'Y',	'N',	'Y',	'N'),
(101,	1,	'mall',	' ',	'Y',	'Y',	'N',	'Y'),
(102,	1,	'menu',	' ',	'Y',	'N',	'Y',	'Y'),
(103,	1,	'notice',	' ',	'Y',	'Y',	'Y',	'Y'),
(104,	1,	'report',	' ',	'Y',	'Y',	'Y',	'N'),
(105,	1,	'review',	' ',	'Y',	'Y',	'N',	'Y'),
(106,	1,	'suggestion',	' ',	'Y',	'Y',	'N',	'N'),
(107,	1,	'admin_user',	' ',	'Y',	'Y',	'Y',	'Y'),
(108,	1,	'dashboard',	' ',	'N',	'Y',	'N',	'N'),
(200,	2,	'mail_auth',	'   ',	'Y',	'N',	'N',	'N'),
(201,	2,	'mall',	'   ',	'N',	'Y',	'N',	'N'),
(202,	2,	'menu',	'   ',	'N',	'Y',	'N',	'N'),
(203,	2,	'notice',	'   ',	'N',	'Y',	'N',	'N'),
(204,	2,	'report',	'   ',	'N',	'N',	'N',	'N'),
(205,	2,	'review',	'   ',	'N',	'Y',	'N',	'N'),
(206,	2,	'suggestion',	'   ',	'N',	'N',	'N',	'N'),
(207,	2,	'non_auth_user',	'   ',	'Y',	'Y',	'Y',	'Y'),
(208,	2,	'dashboard',	'   ',	'N',	'N',	'N',	'N'),
(300,	3,	'mail_auth',	'   ',	'Y',	'Y',	'Y',	'Y'),
(301,	3,	'mall',	'   ',	'Y',	'Y',	'Y',	'Y'),
(302,	3,	'menu',	'   ',	'Y',	'N',	'Y',	'Y'),
(303,	3,	'notice',	'   ',	'N',	'Y',	'N',	'N'),
(304,	3,	'report',	'   ',	'N',	'Y',	'Y',	'N'),
(305,	3,	'review',	'   ',	'Y',	'Y',	'N',	'Y'),
(306,	3,	'suggestion',	'   ',	'Y',	'Y',	'N',	'N'),
(307,	3,	'auth_user',	'   ',	'Y',	'Y',	'Y',	'Y'),
(308,	3,	'dashboard',	'   ',	'N',	'N',	'N',	'N'),
(400,	4,	'mail_auth',	'  ',	'Y',	'Y',	'Y',	'Y'),
(401,	4,	'mall',	'  ',	'Y',	'Y',	'Y',	'Y'),
(402,	4,	'menu',	'  ',	'Y',	'N',	'Y',	'Y'),
(403,	4,	'notice',	'  ',	'N',	'Y',	'N',	'N'),
(404,	4,	'report',	'  ',	'N',	'Y',	'Y',	'N'),
(405,	4,	'review',	'  ',	'Y',	'Y',	'N',	'Y'),
(406,	4,	'suggestion',	'  ',	'Y',	'Y',	'N',	'N'),
(407,	4,	'auth_user',	'  ',	'Y',	'Y',	'Y',	'Y'),
(408,	4,	'dashboard',	'  ',	'N',	'N',	'N',	'N');

TRUNCATE `user_role_group`;
INSERT INTO `user_role_group` (`user_role_group_id`, `name`, `description`) VALUES
(1,	'ADMIN',	''),
(2,	'NON_AUTH_USER',	'  '),
(3,	'AUTH_USER',	'  '),
(4,	'COMMON_USER',	' ');

TRUNCATE `user_token`;
INSERT INTO `user_token` (`user_token_id`, `user_id`, `date_create`, `access_point`) VALUES
('0c932a40-9ce2-493c-a951-ce10539f1f22',	'baf438da-db58-45aa-9032-6ad26597e7bb',	'2021-08-15 21:00:32',	'insomnia/2021.4.1'),
('0dda16c6-c1f2-40c7-82e2-a4e885f9d194',	'be364efb-1a0f-4ad3-8974-260643ccce32',	'2021-07-20 21:33:13',	'KNU_Plate_iOS/1.0 (kevinkim.KNU-Plate-iOS; build:1; iOS 14.6.0) Alamofire/5.4.2'),
('261bf739-bcea-4fcd-9e69-1d8c445c043b',	'ec23a2fc-f4b5-40ca-b8dd-fcbe23fb6042',	'2021-08-15 21:33:17',	'insomnia/2021.4.1'),
('3187ace2-9c49-4277-91f1-433f0e5bb15d',	'9c16852a-eff5-4996-82be-2dce13e1133e',	'2021-08-15 20:47:07',	'insomnia/2021.4.1'),
('3a6cbc4f-2fcf-4e36-bff4-dd882dc124c0',	'ccd20e92-b335-403b-95fd-7a9717f84b06',	'2021-08-15 20:52:05',	'insomnia/2021.4.1'),
('586f9681-4a4a-48ca-b9d6-2ace89ad6d5a',	'd7982422-4121-496f-a5f3-e610ca2df8f5',	'2021-08-05 17:09:23',	'KNU_Plate_iOS/1.0 (kevinkim.KNU-Plate-iOS; build:1; iOS 14.5.0) Alamofire/5.4.2'),
('5fae6c15-4690-4215-9eb5-14b69d7aa46c',	'670d78c0-b16b-4bfc-a6b9-996b05d90e25',	'2021-08-15 18:57:58',	'KNU_Plate_iOS/1.0 (kevinkim.KNU-Plate-iOS; build:1; iOS 14.7.1) Alamofire/5.4.2'),
('69c22553-dd1d-4e9d-ae3a-91cb6d215e37',	'dffc206e-75af-46b0-a454-a2b285c5ef58',	'2021-08-02 21:37:13',	'insomnia/2021.4.1'),
('6fe5644d-5072-4473-a319-b6e684316112',	'adaa3308-1025-49b0-9d9f-f98fc94543d1',	'2021-08-15 20:23:20',	'insomnia/2021.4.1'),
('72045d72-4794-4686-bb48-7ca56ad54327',	'040b4d1f-e704-4e75-9ab7-f6fa55a19818',	'2021-08-15 21:18:35',	'insomnia/2021.4.1'),
('788dd6ac-5870-4ab7-8983-0d07c78f0098',	'50e68935-168c-4f6b-b0e1-d7be1cbf91c7',	'2021-08-15 21:44:19',	'insomnia/2021.4.1'),
('7ba69909-75b6-4c89-9fcd-a8e184c3fdaa',	'cd76a643-ae99-4bfe-a463-0200a92299b3',	'2021-07-25 17:37:39',	'KNU_Plate_iOS/1.0 (kevinkim.KNU-Plate-iOS; build:1; iOS 14.7.0) Alamofire/5.4.2'),
('7dd5318b-c48c-4f2a-a385-fe66d69f7985',	'4b5c8ec4-416c-40b2-8634-e058ef571d3b',	'2021-07-25 16:30:22',	'okhttp/3.12.0'),
('a9c148c7-3dd7-417e-a898-da3172f68379',	'00e64e57-083c-45bd-8912-8b0e38906198',	'2021-08-15 20:47:53',	'insomnia/2021.4.1'),
('b95c3e49-f9de-4479-959f-7f61ef107184',	'87517ccd-836b-4b43-847a-958fabeac75c',	'2021-08-08 22:43:44',	'KNU_Plate_iOS/1.0 (kevinkim.KNU-Plate-iOS; build:1; iOS 14.7.1) Alamofire/5.4.2'),
('d4579c20-d387-49c7-a6c5-07613f6e4920',	'5544fa0e-639a-4536-a811-36b1b11ad743',	'2021-07-20 21:36:28',	'KNU_Plate_iOS/1.0 (kevinkim.KNU-Plate-iOS; build:1; iOS 14.6.0) Alamofire/5.4.2'),
('dc177600-be1e-4f50-9b09-645a56f2adcb',	'bfece06b-a964-4f79-a2aa-e4101ee47d76',	'2021-08-08 16:56:46',	'PostmanRuntime/7.28.2'),
('eb4200b7-d082-4d8d-9938-fcc6ac4a0bd4',	'407424b7-0c25-4fbe-bfe0-4654b1f88675',	'2021-07-30 21:58:48',	'KNU_Plate_iOS/1.0 (kevinkim.KNU-Plate-iOS; build:1; iOS 14.6.0) Alamofire/5.4.2'),
('f8cd0507-cbc7-445d-ba7f-be50820ae699',	'358a59a9-4f36-44d0-ab78-a1aa027ecd36',	'2021-08-15 21:32:25',	'insomnia/2021.4.1');

-- 2021-08-15 12:46:41