-- Adminer 4.7.4 MySQL dump

SET NAMES utf8;
SET time_zone = '+00:00';
SET foreign_key_checks = 0;
SET sql_mode = 'NO_AUTO_VALUE_ON_ZERO';

SET NAMES utf8mb4;

TRUNCATE `dashboard`;
INSERT INTO `dashboard` (`dashboard_id`, `year`, `month`, `date`, `report_count`, `suggestion_count`, `mall_count`, `review_count`, `user_count`) VALUES
(2,	'2021',	7,	4,	3,	5,	1,	2,	1),
(3,	'2021',	7,	5,	4,	7,	3,	6,	6),
(4,	'2021',	7,	6,	5,	12,	18,	22,	11);

TRUNCATE `file`;
INSERT INTO `file` (`file_id`, `index`, `path`, `original_name`, `file_folder_id`, `uploader`, `size`, `extension`, `date_create`, `checksum`) VALUES
('000320a1-69d5-4f76-880a-8718fa056507',	46,	'https://hbjs-kuchelin-guide.s3.ap-northeast-2.amazonaws.com/259eab21-3bdf-4aed-b193-afa5e5e079f9/000320a1-69d5-4f76-880a-8718fa056507',	'D8C0CB57-12ED-4479-9E99-3A95FB6C0DB4.jpeg',	'259eab21-3bdf-4aed-b193-afa5e5e079f9',	'3c3032ce-21b5-4905-8607-6259d1f4a642',	'890066',	'jpeg',	'2021-07-16 15:59:22',	NULL),
('009bb71d-fbad-4c0d-a604-06df4b9ba3dd',	94,	'https://hbjs-kuchelin-guide.s3.ap-northeast-2.amazonaws.com/1a9dd030-a9f0-47b0-9054-ef53931697b1/009bb71d-fbad-4c0d-a604-06df4b9ba3dd',	'container.jpg',	'1a9dd030-a9f0-47b0-9054-ef53931697b1',	'4103669e-e6f3-4de9-b382-1ea6875e5ec7',	'25718',	'jpg',	'2021-07-20 13:30:26',	NULL),
('01a2449d-6fd9-4f62-a965-5325ac758cfb',	71,	'https://hbjs-kuchelin-guide.s3.ap-northeast-2.amazonaws.com/5362b887-7c1d-4805-ae6c-d76763f26b54/01a2449d-6fd9-4f62-a965-5325ac758cfb',	'container.jpg',	'5362b887-7c1d-4805-ae6c-d76763f26b54',	'72cbb603-0594-4cf3-b38b-0fd2719ef963',	'25718',	'jpg',	'2021-07-17 20:34:24',	NULL),
('01d41cc8-b31a-4703-a48e-3f21735bab29',	35,	'https://hbjs-kuchelin-guide.s3.ap-northeast-2.amazonaws.com/d1503fb3-553f-4256-9a71-6c6cea8bb180/01d41cc8-b31a-4703-a48e-3f21735bab29',	'F40D534C-E844-4F4B-B894-C33ECD1A20B8.jpeg',	'd1503fb3-553f-4256-9a71-6c6cea8bb180',	'6a8cb443-39ad-499c-9f9f-5959ef4ae1a8',	'1164811',	'jpeg',	'2021-07-05 15:58:03',	NULL),
('0537f3b7-a83a-4c30-b2b5-fd67d071fc31',	7,	'https://hbjs-kuchelin-guide.s3.ap-northeast-2.amazonaws.com/e90cd533-b915-4194-8fd4-d4887d4e56fb/0537f3b7-a83a-4c30-b2b5-fd67d071fc31',	'cron.png',	'e90cd533-b915-4194-8fd4-d4887d4e56fb',	'72cbb603-0594-4cf3-b38b-0fd2719ef963',	'5395',	'png',	'2021-06-28 09:37:57',	NULL),
('137c1e5b-cbde-49bb-b6df-cd5f7f832917',	39,	'https://hbjs-kuchelin-guide.s3.ap-northeast-2.amazonaws.com/a7bcc51e-efdf-4f95-8c17-e381b4b6766a/137c1e5b-cbde-49bb-b6df-cd5f7f832917',	'30A456E6-55D3-4A27-97BA-764E714512A2.jpeg',	'a7bcc51e-efdf-4f95-8c17-e381b4b6766a',	'3c3032ce-21b5-4905-8607-6259d1f4a642',	'1278533',	'jpeg',	'2021-07-07 20:56:48',	NULL),
('160422ae-d381-427e-8c36-4ad34498f64e',	43,	'https://hbjs-kuchelin-guide.s3.ap-northeast-2.amazonaws.com/86ef6334-c022-4528-a1d8-cde9dd8771b0/160422ae-d381-427e-8c36-4ad34498f64e',	'AA7CFFC4-A7B2-4127-8967-0BC138134243.jpeg',	'86ef6334-c022-4528-a1d8-cde9dd8771b0',	'3c3032ce-21b5-4905-8607-6259d1f4a642',	'856805',	'jpeg',	'2021-07-16 15:15:56',	NULL),
('16979db4-e815-4eb7-b9b5-896095c93610',	64,	'https://hbjs-kuchelin-guide.s3.ap-northeast-2.amazonaws.com/230fefe5-b8cd-4878-af5f-075e61927af6/16979db4-e815-4eb7-b9b5-896095c93610',	'2EFF41E2-BCEC-4D9B-AAEA-F3E7CE438C9E.jpeg',	'230fefe5-b8cd-4878-af5f-075e61927af6',	'3c3032ce-21b5-4905-8607-6259d1f4a642',	'1286719',	'jpeg',	'2021-07-17 20:00:21',	NULL),
('1b459c1c-b3cc-4b70-bc29-fd9c8ddcc27f',	72,	'https://hbjs-kuchelin-guide.s3.ap-northeast-2.amazonaws.com/5362b887-7c1d-4805-ae6c-d76763f26b54/1b459c1c-b3cc-4b70-bc29-fd9c8ddcc27f',	'cron.png',	'5362b887-7c1d-4805-ae6c-d76763f26b54',	'72cbb603-0594-4cf3-b38b-0fd2719ef963',	'5395',	'png',	'2021-07-17 20:34:24',	NULL),
('1f7d41d4-8995-4349-aa56-41afa47932ca',	50,	'https://hbjs-kuchelin-guide.s3.ap-northeast-2.amazonaws.com/5c8e7f8e-f22a-455f-ade4-58dc0f3d8c8c/1f7d41d4-8995-4349-aa56-41afa47932ca',	'4460833D-DEAC-4BEF-A90F-3125CA7C8BE1.jpeg',	'5c8e7f8e-f22a-455f-ade4-58dc0f3d8c8c',	'3c3032ce-21b5-4905-8607-6259d1f4a642',	'1039957',	'jpeg',	'2021-07-16 16:03:24',	NULL),
('1fb449e9-44ce-415a-8097-1455b9c6a0e6',	66,	'https://hbjs-kuchelin-guide.s3.ap-northeast-2.amazonaws.com/2db0df27-d771-4613-8007-c969503a57f4/1fb449e9-44ce-415a-8097-1455b9c6a0e6',	'cron.png',	'2db0df27-d771-4613-8007-c969503a57f4',	'72cbb603-0594-4cf3-b38b-0fd2719ef963',	'5395',	'png',	'2021-07-17 20:27:30',	NULL),
('2560dd21-158b-4184-b81e-25018dd59822',	86,	'https://hbjs-kuchelin-guide.s3.ap-northeast-2.amazonaws.com/bbd86460-540b-488c-98e7-922e8347c4aa/2560dd21-158b-4184-b81e-25018dd59822',	'6A42F70E-1A0E-4B8E-AAB8-AA2C2D1ECBCA.jpeg',	'bbd86460-540b-488c-98e7-922e8347c4aa',	'3c3032ce-21b5-4905-8607-6259d1f4a642',	'959049',	'jpeg',	'2021-07-18 20:22:44',	NULL),
('29822a1c-6d3a-4055-9a87-a2df91b8a83a',	77,	'https://hbjs-kuchelin-guide.s3.ap-northeast-2.amazonaws.com/d643f84d-2b91-4e5f-92d8-e3c140404be8/29822a1c-6d3a-4055-9a87-a2df91b8a83a',	'970CE48E-9714-4A1F-97D5-A910D3699B1D.jpeg',	'd643f84d-2b91-4e5f-92d8-e3c140404be8',	'3c3032ce-21b5-4905-8607-6259d1f4a642',	'250013',	'jpeg',	'2021-07-18 14:11:40',	NULL),
('2ae450c2-038d-4546-9a38-b8b68d3ca19f',	89,	'https://hbjs-kuchelin-guide.s3.ap-northeast-2.amazonaws.com/f5b840b9-7067-413c-9408-7e5b0c1c72d4/2ae450c2-038d-4546-9a38-b8b68d3ca19f',	'2A45A089-A687-4E8A-97D7-BD8EEF9C4016.jpeg',	'f5b840b9-7067-413c-9408-7e5b0c1c72d4',	'3c3032ce-21b5-4905-8607-6259d1f4a642',	'1039957',	'jpeg',	'2021-07-18 20:39:43',	NULL),
('2cb4b775-9d52-4197-8aa1-57600f1f1f54',	87,	'https://hbjs-kuchelin-guide.s3.ap-northeast-2.amazonaws.com/7154b743-850a-4e36-9f9b-ace48e882a3c/2cb4b775-9d52-4197-8aa1-57600f1f1f54',	'BD2917CB-00C5-405D-9BB4-4F1189987D5A.jpeg',	'7154b743-850a-4e36-9f9b-ace48e882a3c',	'3c3032ce-21b5-4905-8607-6259d1f4a642',	'959049',	'jpeg',	'2021-07-18 20:23:46',	NULL),
('2dff6214-c04d-4ddf-801b-44b956b581fe',	9,	'https://hbjs-kuchelin-guide.s3.ap-northeast-2.amazonaws.com/eda463ef-79c6-4901-80ad-d57edc99d472/2dff6214-c04d-4ddf-801b-44b956b581fe',	'cron.png',	'eda463ef-79c6-4901-80ad-d57edc99d472',	'72cbb603-0594-4cf3-b38b-0fd2719ef963',	'5395',	'png',	'2021-06-28 09:38:20',	NULL),
('36a12652-e137-499a-b81e-293d9c04e80f',	13,	'https://hbjs-kuchelin-guide.s3.ap-northeast-2.amazonaws.com/bbca0459-2390-438d-bffa-18f30579e3cf/36a12652-e137-499a-b81e-293d9c04e80f',	'container.jpg',	'bbca0459-2390-438d-bffa-18f30579e3cf',	'72cbb603-0594-4cf3-b38b-0fd2719ef963',	'25718',	'jpg',	'2021-06-28 09:42:04',	NULL),
('3a2e9eec-01ad-4df4-8ad4-e6cab233c6bd',	42,	'https://hbjs-kuchelin-guide.s3.ap-northeast-2.amazonaws.com/f4dca326-a7ab-4a8e-9c18-0e6d5f30aca2/3a2e9eec-01ad-4df4-8ad4-e6cab233c6bd',	'C74B75D4-86AB-49A4-8850-FF2C57E53D93.jpeg',	'f4dca326-a7ab-4a8e-9c18-0e6d5f30aca2',	'3c3032ce-21b5-4905-8607-6259d1f4a642',	'1302887',	'jpeg',	'2021-07-16 13:29:38',	NULL),
('3b5f3d63-64ba-4634-8542-cf89a214020f',	57,	'https://hbjs-kuchelin-guide.s3.ap-northeast-2.amazonaws.com/d5fad61b-6da5-4ff5-997d-995ce3e5c93c/3b5f3d63-64ba-4634-8542-cf89a214020f',	'0D2F9D78-50BA-4FD6-8AB9-FA8E5EB9E5F4.jpeg',	'd5fad61b-6da5-4ff5-997d-995ce3e5c93c',	'3c3032ce-21b5-4905-8607-6259d1f4a642',	'997783',	'jpeg',	'2021-07-16 17:21:08',	NULL),
('4021659d-f20d-48f5-8fdf-10481279a0ec',	1,	'https://hbjs-kuchelin-guide.s3.ap-northeast-2.amazonaws.com/f42abdfe-fba5-4bda-b49b-2bf8e778e849/4021659d-f20d-48f5-8fdf-10481279a0ec',	'docker_swarm.png',	'f42abdfe-fba5-4bda-b49b-2bf8e778e849',	'72cbb603-0594-4cf3-b38b-0fd2719ef963',	'123625',	'png',	'2021-06-26 10:14:26',	NULL),
('487744f0-144d-4c53-bb85-a7589f42a791',	4,	'https://hbjs-kuchelin-guide.s3.ap-northeast-2.amazonaws.com/a7c927db-eab2-44d8-a780-173bd8192bab/487744f0-144d-4c53-bb85-a7589f42a791',	'container.jpg',	'a7c927db-eab2-44d8-a780-173bd8192bab',	'72cbb603-0594-4cf3-b38b-0fd2719ef963',	'25718',	'jpg',	'2021-06-28 09:37:48',	NULL),
('4b496210-8e69-443f-b7dc-8c1d1c575430',	59,	'https://hbjs-kuchelin-guide.s3.ap-northeast-2.amazonaws.com/f9428b95-7ea0-442f-9785-44837435a195/4b496210-8e69-443f-b7dc-8c1d1c575430',	'D63A9DF3-0274-4048-A5BD-7193711B6FAC.jpeg',	'f9428b95-7ea0-442f-9785-44837435a195',	'3c3032ce-21b5-4905-8607-6259d1f4a642',	'776449',	'jpeg',	'2021-07-16 21:07:15',	NULL),
('4c07cee1-0178-4e31-9a8d-33305ef80c26',	6,	'https://hbjs-kuchelin-guide.s3.ap-northeast-2.amazonaws.com/e90cd533-b915-4194-8fd4-d4887d4e56fb/4c07cee1-0178-4e31-9a8d-33305ef80c26',	'container.jpg',	'e90cd533-b915-4194-8fd4-d4887d4e56fb',	'72cbb603-0594-4cf3-b38b-0fd2719ef963',	'25718',	'jpg',	'2021-06-28 09:37:57',	NULL),
('4ef8bccc-6c24-4ef2-862c-6bb1c1d84972',	31,	'https://hbjs-kuchelin-guide.s3.ap-northeast-2.amazonaws.com/87e8588f-e3c3-439f-82cf-6eeda72787fd/4ef8bccc-6c24-4ef2-862c-6bb1c1d84972',	'9A01624D-450E-408C-95FC-2C2DD9F3BF46.jpeg',	'87e8588f-e3c3-439f-82cf-6eeda72787fd',	'6a8cb443-39ad-499c-9f9f-5959ef4ae1a8',	'887980',	'jpeg',	'2021-07-05 15:55:09',	NULL),
('5497249a-2dc4-4f8f-ac08-7822c4221cc4',	51,	'https://hbjs-kuchelin-guide.s3.ap-northeast-2.amazonaws.com/786375d1-592f-4b85-a24c-d93767ebcb46/5497249a-2dc4-4f8f-ac08-7822c4221cc4',	'C1BAF23E-7C39-46BD-A95E-19BD5CC2070E.jpeg',	'786375d1-592f-4b85-a24c-d93767ebcb46',	'3c3032ce-21b5-4905-8607-6259d1f4a642',	'1286719',	'jpeg',	'2021-07-16 16:07:34',	NULL),
('57a52c7d-766f-44c1-8cb8-5e1c4dff1c26',	52,	'https://hbjs-kuchelin-guide.s3.ap-northeast-2.amazonaws.com/5a7c80e3-7c89-47ce-a755-e218c5da5e9f/57a52c7d-766f-44c1-8cb8-5e1c4dff1c26',	'B4E51390-A287-4F2E-96B2-150BD7E0CEA2.jpeg',	'5a7c80e3-7c89-47ce-a755-e218c5da5e9f',	'3c3032ce-21b5-4905-8607-6259d1f4a642',	'900648',	'jpeg',	'2021-07-16 16:08:39',	NULL),
('57f7f69d-e357-4c48-b2f2-f5ad077e91d6',	61,	'https://hbjs-kuchelin-guide.s3.ap-northeast-2.amazonaws.com/dad9b8f5-4a86-462f-9fb8-7360b95f2d6d/57f7f69d-e357-4c48-b2f2-f5ad077e91d6',	'4943AADA-25C9-44AD-8481-46A3A3D6FF90.jpeg',	'dad9b8f5-4a86-462f-9fb8-7360b95f2d6d',	'3c3032ce-21b5-4905-8607-6259d1f4a642',	'772333',	'jpeg',	'2021-07-17 00:05:34',	NULL),
('629ae8e3-b438-47b6-a684-23a688b05717',	84,	'https://hbjs-kuchelin-guide.s3.ap-northeast-2.amazonaws.com/819944fc-0dd7-4ec7-b8f7-73a5fd93cf6b/629ae8e3-b438-47b6-a684-23a688b05717',	'D5FE635F-1711-4277-816F-202C288F77BA.jpeg',	'819944fc-0dd7-4ec7-b8f7-73a5fd93cf6b',	'3c3032ce-21b5-4905-8607-6259d1f4a642',	'806080',	'jpeg',	'2021-07-18 20:10:48',	NULL),
('65de4e9a-0387-4a12-8c0f-61e086fb9ca0',	60,	'https://hbjs-kuchelin-guide.s3.ap-northeast-2.amazonaws.com/1cadc023-e4f8-4e1a-8060-f7ef9c4816a3/65de4e9a-0387-4a12-8c0f-61e086fb9ca0',	'C4115003-8A27-4395-BD46-6027E65FEE4E.jpeg',	'1cadc023-e4f8-4e1a-8060-f7ef9c4816a3',	'3c3032ce-21b5-4905-8607-6259d1f4a642',	'1008641',	'jpeg',	'2021-07-17 00:04:59',	NULL),
('6b34eff9-0955-4778-9dfa-8064c98a1f76',	15,	'https://hbjs-kuchelin-guide.s3.ap-northeast-2.amazonaws.com/3b83a642-1bbd-4a2c-ae7a-6403703c9983/6b34eff9-0955-4778-9dfa-8064c98a1f76',	'663D41DA-847C-448E-B1FF-A2087FCCCF3C.jpeg',	'3b83a642-1bbd-4a2c-ae7a-6403703c9983',	'6a8cb443-39ad-499c-9f9f-5959ef4ae1a8',	'880028',	'jpeg',	'2021-06-28 17:15:53',	NULL),
('6d4570a5-3570-418d-b9e0-7f046be84935',	22,	'https://hbjs-kuchelin-guide.s3.ap-northeast-2.amazonaws.com/b2211ab2-6720-478d-abfe-0f888a6d11a0/6d4570a5-3570-418d-b9e0-7f046be84935',	'container.jpg',	'b2211ab2-6720-478d-abfe-0f888a6d11a0',	'72cbb603-0594-4cf3-b38b-0fd2719ef963',	'25718',	'jpg',	'2021-07-04 21:21:53',	NULL),
('73398451-b432-43d2-8fb4-92f2732277e8',	78,	'https://hbjs-kuchelin-guide.s3.ap-northeast-2.amazonaws.com/552375d4-7a48-4908-8121-9ed21bbad9c7/73398451-b432-43d2-8fb4-92f2732277e8',	'722927AB-C158-44B3-B343-63398D06571A.jpeg',	'552375d4-7a48-4908-8121-9ed21bbad9c7',	'3c3032ce-21b5-4905-8607-6259d1f4a642',	'926244',	'jpeg',	'2021-07-18 19:00:59',	NULL),
('77318daf-8973-4eb9-98f3-69abc379123a',	92,	'https://hbjs-kuchelin-guide.s3.ap-northeast-2.amazonaws.com/e7bd8093-5025-4cfa-b171-a8d0395d7e81/77318daf-8973-4eb9-98f3-69abc379123a',	'B8F0B330-D7D4-4556-8340-8DD025EAD450.jpeg',	'e7bd8093-5025-4cfa-b171-a8d0395d7e81',	'3c3032ce-21b5-4905-8607-6259d1f4a642',	'980934',	'jpeg',	'2021-07-19 14:42:57',	NULL),
('77f1c022-0213-4173-ab38-41b9ae8d42dc',	18,	'https://hbjs-kuchelin-guide.s3.ap-northeast-2.amazonaws.com/58294a66-b75b-4332-b180-f1d8336e570b/77f1c022-0213-4173-ab38-41b9ae8d42dc',	'container.jpg',	'58294a66-b75b-4332-b180-f1d8336e570b',	'72cbb603-0594-4cf3-b38b-0fd2719ef963',	'25718',	'jpg',	'2021-07-04 21:04:15',	NULL),
('7aa2e6f3-e4c2-47db-a026-38fad6fc3c44',	11,	'https://hbjs-kuchelin-guide.s3.ap-northeast-2.amazonaws.com/ac32cb81-981f-437f-a853-61d5f56bb7f0/7aa2e6f3-e4c2-47db-a026-38fad6fc3c44',	'cron.png',	'ac32cb81-981f-437f-a853-61d5f56bb7f0',	'72cbb603-0594-4cf3-b38b-0fd2719ef963',	'5395',	'png',	'2021-06-28 09:40:58',	NULL),
('7cda1508-83e8-4549-8936-4c244bc11142',	85,	'https://hbjs-kuchelin-guide.s3.ap-northeast-2.amazonaws.com/f9d589ba-2acb-440a-97f5-69f5cf574323/7cda1508-83e8-4549-8936-4c244bc11142',	'A55D348D-3179-4228-9C6C-A21584A2241C.jpeg',	'f9d589ba-2acb-440a-97f5-69f5cf574323',	'3c3032ce-21b5-4905-8607-6259d1f4a642',	'995229',	'jpeg',	'2021-07-18 20:14:16',	NULL),
('7faa7935-bcd7-41a9-ba59-b4a23875576b',	63,	'https://hbjs-kuchelin-guide.s3.ap-northeast-2.amazonaws.com/cbffef95-47cc-4226-9517-59d59fb8bfc5/7faa7935-bcd7-41a9-ba59-b4a23875576b',	'73DFBBC5-1150-4F49-8985-627ABD923A40.jpeg',	'cbffef95-47cc-4226-9517-59d59fb8bfc5',	'3c3032ce-21b5-4905-8607-6259d1f4a642',	'1286719',	'jpeg',	'2021-07-17 19:59:34',	NULL),
('83461fd8-6ccc-45fa-a8c5-ad38f8c524d4',	62,	'https://hbjs-kuchelin-guide.s3.ap-northeast-2.amazonaws.com/ab6e8c5a-5065-4f7f-93c4-36ff477053ad/83461fd8-6ccc-45fa-a8c5-ad38f8c524d4',	'56E278B3-5825-4731-99AA-94FAD3729CDD.jpeg',	'ab6e8c5a-5065-4f7f-93c4-36ff477053ad',	'3c3032ce-21b5-4905-8607-6259d1f4a642',	'959049',	'jpeg',	'2021-07-17 16:55:17',	NULL),
('8347b057-f92e-4566-a110-3e5d02e17b7d',	16,	'https://hbjs-kuchelin-guide.s3.ap-northeast-2.amazonaws.com/f5a04b21-425a-4afd-ba3d-144e3cc8ef2b/8347b057-f92e-4566-a110-3e5d02e17b7d',	'8B78FC0F-64CA-4CCD-B327-48AC145D6423.jpeg',	'f5a04b21-425a-4afd-ba3d-144e3cc8ef2b',	'6a8cb443-39ad-499c-9f9f-5959ef4ae1a8',	'1467717',	'jpeg',	'2021-07-01 12:07:10',	NULL),
('88e05b79-c528-496d-81e4-231666c02f90',	2,	'https://hbjs-kuchelin-guide.s3.ap-northeast-2.amazonaws.com/f42abdfe-fba5-4bda-b49b-2bf8e778e849/88e05b79-c528-496d-81e4-231666c02f90',	'bitbucket.png',	'f42abdfe-fba5-4bda-b49b-2bf8e778e849',	'72cbb603-0594-4cf3-b38b-0fd2719ef963',	'10551',	'png',	'2021-06-26 10:14:26',	NULL),
('8b4f5ed0-83f3-48de-8fed-6210b1b8b8cd',	41,	'https://hbjs-kuchelin-guide.s3.ap-northeast-2.amazonaws.com/53c60431-103a-48ea-9351-1b0c68fd6975/8b4f5ed0-83f3-48de-8fed-6210b1b8b8cd',	'8FA7A95C-B99F-4D5D-A24A-511BE87499E1.jpeg',	'53c60431-103a-48ea-9351-1b0c68fd6975',	'3c3032ce-21b5-4905-8607-6259d1f4a642',	'463583',	'jpeg',	'2021-07-09 15:03:15',	NULL),
('8b65fe9d-35df-442e-ad8d-8dbfaaf11bad',	90,	'https://hbjs-kuchelin-guide.s3.ap-northeast-2.amazonaws.com/7cbf8e10-fe12-4066-be79-01fb09a755a6/8b65fe9d-35df-442e-ad8d-8dbfaaf11bad',	'B7430FCA-D742-4EF7-A505-96EB5AEE3E40.jpeg',	'7cbf8e10-fe12-4066-be79-01fb09a755a6',	'3c3032ce-21b5-4905-8607-6259d1f4a642',	'890066',	'jpeg',	'2021-07-18 20:42:39',	NULL),
('901f9a14-6d5d-4801-bde5-241d3f7e79d8',	10,	'https://hbjs-kuchelin-guide.s3.ap-northeast-2.amazonaws.com/ac32cb81-981f-437f-a853-61d5f56bb7f0/901f9a14-6d5d-4801-bde5-241d3f7e79d8',	'container.jpg',	'ac32cb81-981f-437f-a853-61d5f56bb7f0',	'72cbb603-0594-4cf3-b38b-0fd2719ef963',	'25718',	'jpg',	'2021-06-28 09:40:58',	NULL),
('906200e7-ad8f-4425-9b91-4e2ee0502c48',	88,	'https://hbjs-kuchelin-guide.s3.ap-northeast-2.amazonaws.com/8f9b19e9-51ef-436b-8d5e-070f4799cc37/906200e7-ad8f-4425-9b91-4e2ee0502c48',	'180A6426-A748-446B-8FE9-278F07C1E447.jpeg',	'8f9b19e9-51ef-436b-8d5e-070f4799cc37',	'3c3032ce-21b5-4905-8607-6259d1f4a642',	'1046591',	'jpeg',	'2021-07-18 20:38:37',	NULL),
('91568e5e-5ab8-4c79-8af6-f84b369bc262',	44,	'https://hbjs-kuchelin-guide.s3.ap-northeast-2.amazonaws.com/1786985b-a601-4f35-bb7e-f8dc60a27399/91568e5e-5ab8-4c79-8af6-f84b369bc262',	'239B6D66-3E4F-4FE2-9CA0-0DB676C30C9A.jpeg',	'1786985b-a601-4f35-bb7e-f8dc60a27399',	'3c3032ce-21b5-4905-8607-6259d1f4a642',	'1541040',	'jpeg',	'2021-07-16 15:16:44',	NULL),
('97391405-f7de-475b-a833-a3a3f82b2aeb',	81,	'https://hbjs-kuchelin-guide.s3.ap-northeast-2.amazonaws.com/44242d0e-5404-4454-9ab0-14331714af6e/97391405-f7de-475b-a833-a3a3f82b2aeb',	'A0143B34-2749-4404-8034-D0C6FFC08EDF.jpeg',	'44242d0e-5404-4454-9ab0-14331714af6e',	'3c3032ce-21b5-4905-8607-6259d1f4a642',	'658089',	'jpeg',	'2021-07-18 19:17:57',	NULL),
('980f6562-be78-48da-9d5c-6b76251cbfb3',	36,	'https://hbjs-kuchelin-guide.s3.ap-northeast-2.amazonaws.com/2d28ae09-d3db-4eef-88e3-4d95e48677e3/980f6562-be78-48da-9d5c-6b76251cbfb3',	'93B10950-57F4-4A38-A7FC-AE2C498A775E.jpeg',	'2d28ae09-d3db-4eef-88e3-4d95e48677e3',	'6a8cb443-39ad-499c-9f9f-5959ef4ae1a8',	'722577',	'jpeg',	'2021-07-07 12:48:04',	NULL),
('9aba2462-5eda-415c-a8a7-45a189e8e53b',	32,	'https://hbjs-kuchelin-guide.s3.ap-northeast-2.amazonaws.com/3dcf8fc7-23ae-41b6-87b5-8a2b5bf8fc89/9aba2462-5eda-415c-a8a7-45a189e8e53b',	'42822AE4-6CFF-4465-B476-A25255F693BB.jpeg',	'3dcf8fc7-23ae-41b6-87b5-8a2b5bf8fc89',	'6a8cb443-39ad-499c-9f9f-5959ef4ae1a8',	'1064961',	'jpeg',	'2021-07-05 15:55:35',	NULL),
('9b32b5dd-9c1e-496b-83fb-0f26d4957777',	17,	'https://hbjs-kuchelin-guide.s3.ap-northeast-2.amazonaws.com/01c8dbe9-4884-44fd-ab8a-244cfc83ece4/9b32b5dd-9c1e-496b-83fb-0f26d4957777',	'container.jpg',	'01c8dbe9-4884-44fd-ab8a-244cfc83ece4',	'7dcc0400-3fb6-44cb-b951-cd9220527070',	'25718',	'jpg',	'2021-07-03 16:21:43',	NULL),
('9d2f3324-0621-4fef-8d89-f68ee8209229',	12,	'https://hbjs-kuchelin-guide.s3.ap-northeast-2.amazonaws.com/2f98a9a2-3b4e-40e9-b377-510092f7a57d/9d2f3324-0621-4fef-8d89-f68ee8209229',	'container.jpg',	'2f98a9a2-3b4e-40e9-b377-510092f7a57d',	'72cbb603-0594-4cf3-b38b-0fd2719ef963',	'25718',	'jpg',	'2021-06-28 09:41:53',	NULL),
('a3b7c7a4-1076-4333-89b1-7e6ca9d12d25',	96,	'https://hbjs-kuchelin-guide.s3.ap-northeast-2.amazonaws.com/d5652df2-7b02-4994-ad6a-52ad598375dc/a3b7c7a4-1076-4333-89b1-7e6ca9d12d25',	'container.jpg',	'd5652df2-7b02-4994-ad6a-52ad598375dc',	'9d33984e-f9b1-419a-b388-44eef5b3e010',	'25718',	'jpg',	'2021-07-20 15:39:11',	NULL),
('a796525d-26d3-4b3f-83c7-68b9726dda2f',	65,	'https://hbjs-kuchelin-guide.s3.ap-northeast-2.amazonaws.com/2db0df27-d771-4613-8007-c969503a57f4/a796525d-26d3-4b3f-83c7-68b9726dda2f',	'container.jpg',	'2db0df27-d771-4613-8007-c969503a57f4',	'72cbb603-0594-4cf3-b38b-0fd2719ef963',	'25718',	'jpg',	'2021-07-17 20:27:30',	NULL),
('a9ce1ef9-192e-42b1-9a81-ba8a518813f0',	21,	'https://hbjs-kuchelin-guide.s3.ap-northeast-2.amazonaws.com/321ff655-bfc7-4cba-8992-215d6529ad5d/a9ce1ef9-192e-42b1-9a81-ba8a518813f0',	'cron.png',	'321ff655-bfc7-4cba-8992-215d6529ad5d',	'72cbb603-0594-4cf3-b38b-0fd2719ef963',	'5395',	'png',	'2021-07-04 21:05:24',	NULL),
('ab3ebcf5-6304-4eca-a98c-1a3f8e61a696',	83,	'https://hbjs-kuchelin-guide.s3.ap-northeast-2.amazonaws.com/819944fc-0dd7-4ec7-b8f7-73a5fd93cf6b/ab3ebcf5-6304-4eca-a98c-1a3f8e61a696',	'45E79FB5-9B31-49B4-9B27-15D4471A4401.jpeg',	'819944fc-0dd7-4ec7-b8f7-73a5fd93cf6b',	'3c3032ce-21b5-4905-8607-6259d1f4a642',	'742222',	'jpeg',	'2021-07-18 20:10:48',	NULL),
('ac2ab434-7c93-4fed-b260-86940570479d',	34,	'https://hbjs-kuchelin-guide.s3.ap-northeast-2.amazonaws.com/0d2f6d11-6b89-487a-b797-92e27598c212/ac2ab434-7c93-4fed-b260-86940570479d',	'2506412C-CDB1-401C-8D06-146A326AAB8F.jpeg',	'0d2f6d11-6b89-487a-b797-92e27598c212',	'6a8cb443-39ad-499c-9f9f-5959ef4ae1a8',	'595986',	'jpeg',	'2021-07-05 15:56:18',	NULL),
('b13c6ad3-143a-46fa-9c2f-ec5d3d4920ce',	8,	'https://hbjs-kuchelin-guide.s3.ap-northeast-2.amazonaws.com/eda463ef-79c6-4901-80ad-d57edc99d472/b13c6ad3-143a-46fa-9c2f-ec5d3d4920ce',	'container.jpg',	'eda463ef-79c6-4901-80ad-d57edc99d472',	'72cbb603-0594-4cf3-b38b-0fd2719ef963',	'25718',	'jpg',	'2021-06-28 09:38:20',	NULL),
('b33804b7-8cbb-4de3-829e-eca06a559d79',	73,	'https://hbjs-kuchelin-guide.s3.ap-northeast-2.amazonaws.com/5ebf69e0-c520-415e-b5d0-025d29fe0f35/b33804b7-8cbb-4de3-829e-eca06a559d79',	'26C673C5-C231-4046-9218-4C126A49F09D.jpeg',	'5ebf69e0-c520-415e-b5d0-025d29fe0f35',	'3c3032ce-21b5-4905-8607-6259d1f4a642',	'1095642',	'jpeg',	'2021-07-18 13:09:12',	NULL),
('b3d5f4de-365d-4ab4-9ed1-9ab8d7c07183',	20,	'https://hbjs-kuchelin-guide.s3.ap-northeast-2.amazonaws.com/321ff655-bfc7-4cba-8992-215d6529ad5d/b3d5f4de-365d-4ab4-9ed1-9ab8d7c07183',	'container.jpg',	'321ff655-bfc7-4cba-8992-215d6529ad5d',	'72cbb603-0594-4cf3-b38b-0fd2719ef963',	'25718',	'jpg',	'2021-07-04 21:05:24',	NULL),
('b652ddd4-b57d-4b29-9bf6-d65432eb7e27',	5,	'https://hbjs-kuchelin-guide.s3.ap-northeast-2.amazonaws.com/a7c927db-eab2-44d8-a780-173bd8192bab/b652ddd4-b57d-4b29-9bf6-d65432eb7e27',	'cron.png',	'a7c927db-eab2-44d8-a780-173bd8192bab',	'72cbb603-0594-4cf3-b38b-0fd2719ef963',	'5395',	'png',	'2021-06-28 09:37:48',	NULL),
('b6fa5e87-40fc-43af-bb04-a286fe78744e',	37,	'https://hbjs-kuchelin-guide.s3.ap-northeast-2.amazonaws.com/09b011ca-f377-4b2d-b8a4-c020ca14503b/b6fa5e87-40fc-43af-bb04-a286fe78744e',	'0FAC317F-74A2-4A45-8166-1167CFB07018.jpeg',	'09b011ca-f377-4b2d-b8a4-c020ca14503b',	'6a8cb443-39ad-499c-9f9f-5959ef4ae1a8',	'772333',	'jpeg',	'2021-07-07 14:46:39',	NULL),
('b70a7815-3819-4f26-b287-6e87e175dde1',	69,	'https://hbjs-kuchelin-guide.s3.ap-northeast-2.amazonaws.com/55541f5b-1629-46ad-9773-9d1e728a1c43/b70a7815-3819-4f26-b287-6e87e175dde1',	'docker_swarm.png',	'55541f5b-1629-46ad-9773-9d1e728a1c43',	'72cbb603-0594-4cf3-b38b-0fd2719ef963',	'123625',	'png',	'2021-07-17 20:33:31',	NULL),
('b8e46de1-c968-46a1-a6ea-9ca58533f2f5',	19,	'https://hbjs-kuchelin-guide.s3.ap-northeast-2.amazonaws.com/58294a66-b75b-4332-b180-f1d8336e570b/b8e46de1-c968-46a1-a6ea-9ca58533f2f5',	'cron.png',	'58294a66-b75b-4332-b180-f1d8336e570b',	'72cbb603-0594-4cf3-b38b-0fd2719ef963',	'5395',	'png',	'2021-07-04 21:04:15',	NULL),
('ba2ef513-1dce-4a35-902e-a3e87602a6db',	38,	'https://hbjs-kuchelin-guide.s3.ap-northeast-2.amazonaws.com/28e3d795-664c-4cef-b20a-5df4ff6cd75f/ba2ef513-1dce-4a35-902e-a3e87602a6db',	'B171824E-99B4-4832-B725-65829F6B9D4F.jpeg',	'28e3d795-664c-4cef-b20a-5df4ff6cd75f',	'3c3032ce-21b5-4905-8607-6259d1f4a642',	'1406960',	'jpeg',	'2021-07-07 18:46:56',	NULL),
('c72027be-2508-4864-884b-b623bee6d2bb',	80,	'https://hbjs-kuchelin-guide.s3.ap-northeast-2.amazonaws.com/552375d4-7a48-4908-8121-9ed21bbad9c7/c72027be-2508-4864-884b-b623bee6d2bb',	'36A4FCF7-B88F-413A-8717-69B4BB753889.jpeg',	'552375d4-7a48-4908-8121-9ed21bbad9c7',	'3c3032ce-21b5-4905-8607-6259d1f4a642',	'1094712',	'jpeg',	'2021-07-18 19:00:59',	NULL),
('c85f4b6d-5e37-4612-ac47-91cb686a5ade',	91,	'https://hbjs-kuchelin-guide.s3.ap-northeast-2.amazonaws.com/7b65c9c2-a2cd-4bbc-be3e-e96916d9f4d7/c85f4b6d-5e37-4612-ac47-91cb686a5ade',	'1FAE33F2-A681-48F5-8909-CBFA76E022EF.jpeg',	'7b65c9c2-a2cd-4bbc-be3e-e96916d9f4d7',	'3c3032ce-21b5-4905-8607-6259d1f4a642',	'969175',	'jpeg',	'2021-07-18 21:45:36',	NULL),
('cab23f61-1b8f-407a-8a4c-2921bc202eab',	40,	'https://hbjs-kuchelin-guide.s3.ap-northeast-2.amazonaws.com/79e1676c-8036-4f7d-b86b-108169b76c3d/cab23f61-1b8f-407a-8a4c-2921bc202eab',	'6709AF02-22BC-41F4-A884-684D1CE4A180.jpeg',	'79e1676c-8036-4f7d-b86b-108169b76c3d',	'3c3032ce-21b5-4905-8607-6259d1f4a642',	'370813',	'jpeg',	'2021-07-09 15:03:04',	NULL),
('cd06ce9f-9855-48ad-9ac3-c240e07ed1fb',	58,	'https://hbjs-kuchelin-guide.s3.ap-northeast-2.amazonaws.com/8a035869-5ecf-4aba-a8e7-e1f4927c3deb/cd06ce9f-9855-48ad-9ac3-c240e07ed1fb',	'D74E9276-0552-4919-89BA-530BAC7D6A18.jpeg',	'8a035869-5ecf-4aba-a8e7-e1f4927c3deb',	'3c3032ce-21b5-4905-8607-6259d1f4a642',	'923183',	'jpeg',	'2021-07-16 17:58:52',	NULL),
('d1582915-b903-4a11-8619-9c681fd5c423',	95,	'https://hbjs-kuchelin-guide.s3.ap-northeast-2.amazonaws.com/2105e872-48ef-4f65-a03c-1ac72a415429/d1582915-b903-4a11-8619-9c681fd5c423',	'container.jpg',	'2105e872-48ef-4f65-a03c-1ac72a415429',	'a50ac78d-46cf-4008-bd93-1af96caa8aed',	'25718',	'jpg',	'2021-07-20 13:31:28',	NULL),
('d15900ac-a658-483a-9500-37d834b47bf0',	33,	'https://hbjs-kuchelin-guide.s3.ap-northeast-2.amazonaws.com/a134603c-600c-42eb-b5d2-e310cefb1d48/d15900ac-a658-483a-9500-37d834b47bf0',	'8B81AE9D-F716-42F6-BD32-1F04ADE09845.jpeg',	'a134603c-600c-42eb-b5d2-e310cefb1d48',	'6a8cb443-39ad-499c-9f9f-5959ef4ae1a8',	'966952',	'jpeg',	'2021-07-05 15:56:01',	NULL),
('d2436098-1056-4a81-80c8-5225bfdb3316',	79,	'https://hbjs-kuchelin-guide.s3.ap-northeast-2.amazonaws.com/552375d4-7a48-4908-8121-9ed21bbad9c7/d2436098-1056-4a81-80c8-5225bfdb3316',	'F962C181-4053-46BC-8C9D-74519B3EE6AB.jpeg',	'552375d4-7a48-4908-8121-9ed21bbad9c7',	'3c3032ce-21b5-4905-8607-6259d1f4a642',	'892130',	'jpeg',	'2021-07-18 19:00:59',	NULL),
('d966ac4c-2b87-42d7-b79a-a052a79d074e',	93,	'https://hbjs-kuchelin-guide.s3.ap-northeast-2.amazonaws.com/e61b6a0a-a801-48b7-a047-2fe66694b5d3/d966ac4c-2b87-42d7-b79a-a052a79d074e',	'E32EADBE-DE90-45C0-8425-73FC44B6680E.jpeg',	'e61b6a0a-a801-48b7-a047-2fe66694b5d3',	'3c3032ce-21b5-4905-8607-6259d1f4a642',	'1008307',	'jpeg',	'2021-07-19 14:43:54',	NULL),
('df44f53d-3a46-4648-a28b-dbeb3b380f82',	25,	'https://hbjs-kuchelin-guide.s3.ap-northeast-2.amazonaws.com/a76720ce-60ac-410e-902e-342d29b91dbb/df44f53d-3a46-4648-a28b-dbeb3b380f82',	'834882EC-F30E-4459-9C17-FF9B3AD4CD5A.jpeg',	'a76720ce-60ac-410e-902e-342d29b91dbb',	'6a8cb443-39ad-499c-9f9f-5959ef4ae1a8',	'788769',	'jpeg',	'2021-07-05 15:49:57',	NULL),
('e363d4d7-886b-404b-abb3-f97256b9946a',	53,	'https://hbjs-kuchelin-guide.s3.ap-northeast-2.amazonaws.com/a23e853a-7fd5-477e-a812-8c9939d8d429/e363d4d7-886b-404b-abb3-f97256b9946a',	'83D6620A-0C79-4D78-9C2B-9BB752ACD70C.jpeg',	'a23e853a-7fd5-477e-a812-8c9939d8d429',	'3c3032ce-21b5-4905-8607-6259d1f4a642',	'1093387',	'jpeg',	'2021-07-16 16:09:34',	NULL),
('e54c564c-2de7-4da7-a8e6-a2ec297df78b',	14,	'https://hbjs-kuchelin-guide.s3.ap-northeast-2.amazonaws.com/bbca0459-2390-438d-bffa-18f30579e3cf/e54c564c-2de7-4da7-a8e6-a2ec297df78b',	'cron.png',	'bbca0459-2390-438d-bffa-18f30579e3cf',	'72cbb603-0594-4cf3-b38b-0fd2719ef963',	'5395',	'png',	'2021-06-28 09:42:04',	NULL),
('e80128d0-9781-47c3-98d1-6783ae9d0b31',	23,	'https://hbjs-kuchelin-guide.s3.ap-northeast-2.amazonaws.com/b2211ab2-6720-478d-abfe-0f888a6d11a0/e80128d0-9781-47c3-98d1-6783ae9d0b31',	'cron.png',	'b2211ab2-6720-478d-abfe-0f888a6d11a0',	'72cbb603-0594-4cf3-b38b-0fd2719ef963',	'5395',	'png',	'2021-07-04 21:21:53',	NULL),
('ee184090-a205-407e-b5b7-9190f75251b6',	55,	'https://hbjs-kuchelin-guide.s3.ap-northeast-2.amazonaws.com/42c679c6-f53c-4002-b9f1-539057b32ba2/ee184090-a205-407e-b5b7-9190f75251b6',	'2422D2D6-0563-4608-8727-1BC9E0C0F5A0.jpeg',	'42c679c6-f53c-4002-b9f1-539057b32ba2',	'3c3032ce-21b5-4905-8607-6259d1f4a642',	'1030337',	'jpeg',	'2021-07-16 16:52:08',	NULL),
('f013cc82-aa8c-4811-ac3c-01ab2db29a2c',	70,	'https://hbjs-kuchelin-guide.s3.ap-northeast-2.amazonaws.com/55541f5b-1629-46ad-9773-9d1e728a1c43/f013cc82-aa8c-4811-ac3c-01ab2db29a2c',	'bitbucket.png',	'55541f5b-1629-46ad-9773-9d1e728a1c43',	'72cbb603-0594-4cf3-b38b-0fd2719ef963',	'10551',	'png',	'2021-07-17 20:33:31',	NULL),
('f6b145ed-0fcc-4f56-a36b-e747ddf2dc6d',	75,	'https://hbjs-kuchelin-guide.s3.ap-northeast-2.amazonaws.com/2e29557f-a6f1-45f4-8925-46f79ac8010d/f6b145ed-0fcc-4f56-a36b-e747ddf2dc6d',	'876DE4CF-DBAF-4822-9719-960509BCD53B.jpeg',	'2e29557f-a6f1-45f4-8925-46f79ac8010d',	'3c3032ce-21b5-4905-8607-6259d1f4a642',	'1286719',	'jpeg',	'2021-07-18 13:13:13',	NULL),
('f713aaad-bd2e-4633-bdc7-8d7aceaa1314',	45,	'https://hbjs-kuchelin-guide.s3.ap-northeast-2.amazonaws.com/f27f2d4f-fb2b-446d-aa61-0242a4d7f1c6/f713aaad-bd2e-4633-bdc7-8d7aceaa1314',	'0F4C16E2-D013-4144-9FEA-367329479897.jpeg',	'f27f2d4f-fb2b-446d-aa61-0242a4d7f1c6',	'3c3032ce-21b5-4905-8607-6259d1f4a642',	'959049',	'jpeg',	'2021-07-16 15:43:39',	NULL),
('f80de88a-9403-4c86-9754-86d49342e6f6',	3,	'https://hbjs-kuchelin-guide.s3.ap-northeast-2.amazonaws.com/4423d22b-50b7-4429-ac28-b4d0cbcf7fbc/f80de88a-9403-4c86-9754-86d49342e6f6',	'jenkins.png',	'4423d22b-50b7-4429-ac28-b4d0cbcf7fbc',	'72cbb603-0594-4cf3-b38b-0fd2719ef963',	'77771',	'png',	'2021-06-26 11:56:24',	NULL),
('fa4f6fb7-036b-4ef8-b904-81ccc78a19e7',	56,	'https://hbjs-kuchelin-guide.s3.ap-northeast-2.amazonaws.com/a9178b72-9002-4004-8a4a-b9a82d497aec/fa4f6fb7-036b-4ef8-b904-81ccc78a19e7',	'9973B637-1BB6-4F0B-A87F-3278906B3552.jpeg',	'a9178b72-9002-4004-8a4a-b9a82d497aec',	'3c3032ce-21b5-4905-8607-6259d1f4a642',	'1029473',	'jpeg',	'2021-07-16 17:19:58',	NULL),
('fb86253e-e5b8-42a3-96b3-dafad31e08a3',	76,	'https://hbjs-kuchelin-guide.s3.ap-northeast-2.amazonaws.com/4b388b09-47c8-4bd4-a80c-80992b1c2818/fb86253e-e5b8-42a3-96b3-dafad31e08a3',	'C77F4045-EDC7-442C-BD2A-E1E8936F358B.jpeg',	'4b388b09-47c8-4bd4-a80c-80992b1c2818',	'3c3032ce-21b5-4905-8607-6259d1f4a642',	'1286719',	'jpeg',	'2021-07-18 14:00:26',	NULL),
('fcb9dfda-c8ef-48db-8a2a-e455c9152027',	82,	'https://hbjs-kuchelin-guide.s3.ap-northeast-2.amazonaws.com/44242d0e-5404-4454-9ab0-14331714af6e/fcb9dfda-c8ef-48db-8a2a-e455c9152027',	'0EB9B80C-7C2E-4ED0-9E19-E51C5EA37280.jpeg',	'44242d0e-5404-4454-9ab0-14331714af6e',	'3c3032ce-21b5-4905-8607-6259d1f4a642',	'652992',	'jpeg',	'2021-07-18 19:17:57',	NULL),
('fe0f36f6-528d-40c1-8aa4-dedc5072c391',	54,	'https://hbjs-kuchelin-guide.s3.ap-northeast-2.amazonaws.com/cc89d2f4-7c45-440b-b35e-4a68d3a75ea1/fe0f36f6-528d-40c1-8aa4-dedc5072c391',	'56A55086-89C1-49C3-B197-49658C3BA82B.jpeg',	'cc89d2f4-7c45-440b-b35e-4a68d3a75ea1',	'3c3032ce-21b5-4905-8607-6259d1f4a642',	'1067783',	'jpeg',	'2021-07-16 16:14:13',	NULL);

TRUNCATE `file_folder`;
INSERT INTO `file_folder` (`file_folder_id`, `date_create`, `type`) VALUES
('01c8dbe9-4884-44fd-ab8a-244cfc83ece4',	'2021-07-03 16:21:43',	'user_thumbnail'),
('09b011ca-f377-4b2d-b8a4-c020ca14503b',	'2021-07-07 14:46:39',	'thumbnail'),
('0d2f6d11-6b89-487a-b797-92e27598c212',	'2021-07-05 15:56:18',	'thumbnail'),
('1786985b-a601-4f35-bb7e-f8dc60a27399',	'2021-07-16 15:16:44',	'user_thumbnail'),
('1a9dd030-a9f0-47b0-9054-ef53931697b1',	'2021-07-20 13:30:26',	'user_thumbnail'),
('1cadc023-e4f8-4e1a-8060-f7ef9c4816a3',	'2021-07-17 00:04:59',	'review_image'),
('2105e872-48ef-4f65-a03c-1ac72a415429',	'2021-07-20 13:31:28',	'user_thumbnail'),
('230fefe5-b8cd-4878-af5f-075e61927af6',	'2021-07-17 20:00:21',	'review_image'),
('259eab21-3bdf-4aed-b193-afa5e5e079f9',	'2021-07-16 15:59:22',	'review_image'),
('28e3d795-664c-4cef-b20a-5df4ff6cd75f',	'2021-07-07 18:46:56',	'user_thumbnail'),
('2d28ae09-d3db-4eef-88e3-4d95e48677e3',	'2021-07-07 12:48:04',	'thumbnail'),
('2db0df27-d771-4613-8007-c969503a57f4',	'2021-07-17 20:27:30',	'review_image'),
('2e29557f-a6f1-45f4-8925-46f79ac8010d',	'2021-07-18 13:13:13',	'thumbnail'),
('2f98a9a2-3b4e-40e9-b377-510092f7a57d',	'2021-06-28 09:41:53',	'review_image'),
('321ff655-bfc7-4cba-8992-215d6529ad5d',	'2021-07-04 21:05:24',	'review_image'),
('3b83a642-1bbd-4a2c-ae7a-6403703c9983',	'2021-06-28 17:15:53',	'user_thumbnail'),
('3dcf8fc7-23ae-41b6-87b5-8a2b5bf8fc89',	'2021-07-05 15:55:35',	'thumbnail'),
('42c679c6-f53c-4002-b9f1-539057b32ba2',	'2021-07-16 16:52:08',	'review_image'),
('4423d22b-50b7-4429-ac28-b4d0cbcf7fbc',	'2021-06-26 11:56:24',	'user_thumbnail'),
('44242d0e-5404-4454-9ab0-14331714af6e',	'2021-07-18 19:17:57',	'thumbnail'),
('4b388b09-47c8-4bd4-a80c-80992b1c2818',	'2021-07-18 14:00:26',	'thumbnail'),
('5362b887-7c1d-4805-ae6c-d76763f26b54',	'2021-07-17 20:34:24',	'review_image'),
('53c60431-103a-48ea-9351-1b0c68fd6975',	'2021-07-09 15:03:15',	'user_thumbnail'),
('552375d4-7a48-4908-8121-9ed21bbad9c7',	'2021-07-18 19:00:59',	'review_image'),
('55541f5b-1629-46ad-9773-9d1e728a1c43',	'2021-07-17 20:33:31',	'thumbnail'),
('58294a66-b75b-4332-b180-f1d8336e570b',	'2021-07-04 21:04:15',	'review_image'),
('5a7c80e3-7c89-47ce-a755-e218c5da5e9f',	'2021-07-16 16:08:39',	'review_image'),
('5c8e7f8e-f22a-455f-ade4-58dc0f3d8c8c',	'2021-07-16 16:03:24',	'review_image'),
('5ebf69e0-c520-415e-b5d0-025d29fe0f35',	'2021-07-18 13:09:12',	'thumbnail'),
('7154b743-850a-4e36-9f9b-ace48e882a3c',	'2021-07-18 20:23:46',	'review_image'),
('786375d1-592f-4b85-a24c-d93767ebcb46',	'2021-07-16 16:07:33',	'review_image'),
('79e1676c-8036-4f7d-b86b-108169b76c3d',	'2021-07-09 15:03:04',	'user_thumbnail'),
('7b65c9c2-a2cd-4bbc-be3e-e96916d9f4d7',	'2021-07-18 21:45:36',	'thumbnail'),
('7cbf8e10-fe12-4066-be79-01fb09a755a6',	'2021-07-18 20:42:39',	'review_image'),
('819944fc-0dd7-4ec7-b8f7-73a5fd93cf6b',	'2021-07-18 20:10:48',	'review_image'),
('86ef6334-c022-4528-a1d8-cde9dd8771b0',	'2021-07-16 15:15:56',	'user_thumbnail'),
('87e8588f-e3c3-439f-82cf-6eeda72787fd',	'2021-07-05 15:55:09',	'thumbnail'),
('8a035869-5ecf-4aba-a8e7-e1f4927c3deb',	'2021-07-16 17:58:52',	'review_image'),
('8f9b19e9-51ef-436b-8d5e-070f4799cc37',	'2021-07-18 20:38:37',	'review_image'),
('a134603c-600c-42eb-b5d2-e310cefb1d48',	'2021-07-05 15:56:01',	'thumbnail'),
('a23e853a-7fd5-477e-a812-8c9939d8d429',	'2021-07-16 16:09:34',	'review_image'),
('a76720ce-60ac-410e-902e-342d29b91dbb',	'2021-07-05 15:49:57',	'thumbnail'),
('a7bcc51e-efdf-4f95-8c17-e381b4b6766a',	'2021-07-07 20:56:48',	'user_thumbnail'),
('a7c927db-eab2-44d8-a780-173bd8192bab',	'2021-06-28 09:37:48',	'review_image'),
('a9178b72-9002-4004-8a4a-b9a82d497aec',	'2021-07-16 17:19:58',	'review_image'),
('ab6e8c5a-5065-4f7f-93c4-36ff477053ad',	'2021-07-17 16:55:17',	'review_image'),
('ac32cb81-981f-437f-a853-61d5f56bb7f0',	'2021-06-28 09:40:58',	'review_image'),
('b2211ab2-6720-478d-abfe-0f888a6d11a0',	'2021-07-04 21:21:53',	'review_image'),
('bbca0459-2390-438d-bffa-18f30579e3cf',	'2021-06-28 09:42:04',	'review_image'),
('bbd86460-540b-488c-98e7-922e8347c4aa',	'2021-07-18 20:22:43',	'review_image'),
('cbffef95-47cc-4226-9517-59d59fb8bfc5',	'2021-07-17 19:59:34',	'review_image'),
('cc89d2f4-7c45-440b-b35e-4a68d3a75ea1',	'2021-07-16 16:14:13',	'review_image'),
('d1503fb3-553f-4256-9a71-6c6cea8bb180',	'2021-07-05 15:58:03',	'thumbnail'),
('d5652df2-7b02-4994-ad6a-52ad598375dc',	'2021-07-20 15:39:11',	'user_thumbnail'),
('d5fad61b-6da5-4ff5-997d-995ce3e5c93c',	'2021-07-16 17:21:08',	'user_thumbnail'),
('d643f84d-2b91-4e5f-92d8-e3c140404be8',	'2021-07-18 14:11:40',	'review_image'),
('dad9b8f5-4a86-462f-9fb8-7360b95f2d6d',	'2021-07-17 00:05:34',	'review_image'),
('e61b6a0a-a801-48b7-a047-2fe66694b5d3',	'2021-07-19 14:43:54',	'review_image'),
('e7bd8093-5025-4cfa-b171-a8d0395d7e81',	'2021-07-19 14:42:57',	'thumbnail'),
('e90cd533-b915-4194-8fd4-d4887d4e56fb',	'2021-06-28 09:37:57',	'review_image'),
('eda463ef-79c6-4901-80ad-d57edc99d472',	'2021-06-28 09:38:20',	'review_image'),
('f27f2d4f-fb2b-446d-aa61-0242a4d7f1c6',	'2021-07-16 15:43:39',	'review_image'),
('f42abdfe-fba5-4bda-b49b-2bf8e778e849',	'2021-06-26 10:14:26',	'thumbnail'),
('f4dca326-a7ab-4a8e-9c18-0e6d5f30aca2',	'2021-07-16 13:29:38',	'user_thumbnail'),
('f5a04b21-425a-4afd-ba3d-144e3cc8ef2b',	'2021-07-01 12:07:10',	'review_image'),
('f5b840b9-7067-413c-9408-7e5b0c1c72d4',	'2021-07-18 20:39:43',	'review_image'),
('f9428b95-7ea0-442f-9785-44837435a195',	'2021-07-16 21:07:15',	'review_image'),
('f9d589ba-2acb-440a-97f5-69f5cf574323',	'2021-07-18 20:14:16',	'review_image');

TRUNCATE `mail_auth`;
INSERT INTO `mail_auth` (`mail_auth_id`, `user_id`, `date_create`, `date_expire`, `auth_code`, `date_auth`, `is_auth`) VALUES
(1,	'1aa6a6ea-f52b-4496-b560-5dba4a9aad1c',	'2021-04-18 16:28:20',	'2021-04-18 16:31:20',	'129226ce',	NULL,	'N'),
(2,	'72cbb603-0594-4cf3-b38b-0fd2719ef963',	'2021-04-18 16:28:40',	'2021-04-18 16:31:40',	'c2790d8c',	NULL,	'N'),
(3,	'e27b8491-77bd-4652-8eae-b1d07f1224da',	'2021-04-21 21:27:27',	'2021-04-21 21:30:27',	'8bb7d081',	NULL,	'N'),
(4,	'3c3032ce-21b5-4905-8607-6259d1f4a642',	'2021-04-21 21:59:48',	'2021-04-21 22:02:48',	'08daff34',	NULL,	'N'),
(5,	'85a67213-dbf1-41cd-bafb-50b1fd1ef188',	'2021-04-21 22:02:32',	'2021-04-21 22:05:32',	'1e737a7b',	NULL,	'N'),
(6,	'5d88b090-044f-4291-8d71-07cac44337d2',	'2021-04-21 22:04:39',	'2021-04-21 22:07:39',	'1e9da346',	NULL,	'N'),
(7,	'276f73f9-8dbd-4a38-8344-331d6c5c51d1',	'2021-04-21 22:07:27',	'2021-04-21 22:10:27',	'30794565',	NULL,	'N'),
(8,	'6a8cb443-39ad-499c-9f9f-5959ef4ae1a8',	'2021-04-21 22:09:42',	'2021-04-21 22:12:42',	'ab9c9594',	NULL,	'N'),
(9,	'b0d8b17b-e1de-4a45-98e3-635d424cf549',	'2021-07-01 14:53:36',	'2021-07-01 14:56:17',	'4d4b0bda',	NULL,	'N'),
(10,	'20f46525-f8e4-4251-b72e-35040c25bdc4',	'2021-07-01 16:42:54',	'2021-07-01 16:45:54',	'f5fcfec8',	NULL,	'N'),
(11,	'7dcc0400-3fb6-44cb-b951-cd9220527070',	'2021-07-03 16:21:43',	'2021-07-03 16:24:34',	'7a0d5a2c',	NULL,	'N'),
(12,	'4629579f-ae48-4069-ab42-c623d802465f',	'2021-07-08 17:57:57',	'2021-07-08 18:00:52',	'ad431007',	NULL,	'N'),
(13,	'4db5fe6b-7998-4557-a885-813ce3f10860',	'2021-07-18 20:10:25',	'2021-07-18 20:13:15',	'f09b0ee7',	NULL,	'N'),
(14,	'758d2f5c-0d8d-440a-a42a-3aea5fd96cc5',	'2021-07-19 14:14:26',	'2021-07-19 14:17:25',	'9774d0cc',	NULL,	'N'),
(15,	'75402359-c84b-4a71-b8de-321d0586699d',	'2021-07-19 17:31:05',	'2021-07-19 17:34:02',	'b26117fc',	NULL,	'N'),
(16,	'0cbbf56c-63a3-4082-aea2-898ce9443aed',	'2021-07-19 17:35:09',	'2021-07-19 17:38:07',	'99e2ec79',	NULL,	'N'),
(17,	'f654022d-0216-4a10-9f0a-1d7eb7486bf9',	'2021-07-19 17:36:32',	'2021-07-19 17:39:29',	'764d4dd6',	NULL,	'N'),
(18,	'668b682b-95d4-4d6d-bc04-aed460708d6b',	'2021-07-19 17:51:15',	'2021-07-19 17:54:12',	'fab150d9',	NULL,	'N'),
(19,	'd8e2d6a5-2d76-4318-bc37-0485bcded496',	'2021-07-19 17:54:48',	'2021-07-19 17:57:45',	'ec7bb1db',	NULL,	'N'),
(20,	'625e69c8-fefb-442e-81e7-7bc02aef6aaa',	'2021-07-19 18:05:33',	'2021-07-19 18:08:30',	'db67f3aa',	NULL,	'N'),
(21,	'52bee118-ee8c-4b46-8553-996b2f623854',	'2021-07-19 22:12:09',	'2021-07-19 22:15:05',	'7ec5d838',	NULL,	'N'),
(22,	'4103669e-e6f3-4de9-b382-1ea6875e5ec7',	'2021-07-20 13:30:26',	'2021-07-20 13:33:16',	'd2e54806',	NULL,	'N'),
(23,	'a50ac78d-46cf-4008-bd93-1af96caa8aed',	'2021-07-20 13:31:28',	'2021-07-20 13:34:19',	'e0e1450f',	NULL,	'N'),
(24,	'3389fb18-2906-440c-b380-c412b62e8a5b',	'2021-07-20 14:21:59',	'2021-07-20 14:24:49',	'2f32281d',	NULL,	'N'),
(25,	'4f8a3d7d-939c-41da-87b7-f9779e379bbc',	'2021-07-20 14:41:18',	'2021-07-20 14:44:54',	'7cb0bab6',	NULL,	'N'),
(26,	'e8876b77-3141-4f52-a9ee-7fb32de68977',	'2021-07-20 14:48:24',	'2021-07-20 14:51:14',	'24bd5d79',	NULL,	'N'),
(27,	'a3fedbf4-253a-4371-9b15-061ac8456958',	'2021-07-20 14:49:50',	'2021-07-20 14:52:40',	'7b352cb6',	NULL,	'N'),
(28,	'5cc5c0bf-95ae-4c98-b886-67529b70381b',	'2021-07-20 14:51:11',	'2021-07-20 14:54:02',	'f7574cd5',	NULL,	'N'),
(29,	'3e60357a-b4bd-44e2-b6bf-b1f7677810f3',	'2021-07-20 14:54:47',	'2021-07-20 14:57:37',	'c2dcebf7',	NULL,	'N'),
(30,	'5526b73a-24d2-4e0f-8246-1b05e953099c',	'2021-07-20 15:00:09',	'2021-07-20 15:03:00',	'4a35afe9',	NULL,	'N'),
(31,	'5fcfabb6-5ba6-4f03-a052-0ea4995cdfc6',	'2021-07-20 15:02:15',	'2021-07-20 15:05:05',	'258c9a53',	NULL,	'N'),
(32,	'fb29d9b0-dd45-4661-a2fe-e6016bdff50e',	'2021-07-20 15:02:58',	'2021-07-20 15:05:56',	'd60994ec',	NULL,	'N'),
(33,	'1fdba7f8-ae2e-4c87-a7bf-18e4b4fdda8b',	'2021-07-20 15:05:05',	'2021-07-20 15:07:55',	'3fcace26',	NULL,	'N'),
(34,	'5f07ee1d-b53a-4836-a5a8-c0a045395c8c',	'2021-07-20 15:08:21',	'2021-07-20 15:11:11',	'f9c5bded',	NULL,	'N'),
(35,	'721b983a-3f42-41a0-ad30-7bbf49399019',	'2021-07-20 15:11:21',	'2021-07-20 15:14:11',	'ce905b5c',	NULL,	'N'),
(36,	'568f7407-a5ae-4640-b594-62c2f9a6b611',	'2021-07-20 15:31:47',	'2021-07-20 15:34:37',	'993c5a64',	NULL,	'N'),
(37,	'9d33984e-f9b1-419a-b388-44eef5b3e010',	'2021-07-20 15:39:11',	'2021-07-20 15:42:07',	'a9262640',	NULL,	'N');

TRUNCATE `mall`;
INSERT INTO `mall` (`mall_id`, `user_id`, `date_create`, `mall_name`, `contact`, `category_name`, `address`, `latitude`, `longitude`, `thumbnail`, `evaluate_average`, `recommend_count`, `is_active`, `gate_location`, `kakao_mall_id`) VALUES
(2,	'72cbb603-0594-4cf3-b38b-0fd2719ef963',	'2021-04-18 16:30:38',	'끝돈',	NULL,	'한식',	'대구 북구 산격동 1321-2',	35.894697690918576,	128.6112701960862,	'2f98a9a2-3b4e-40e9-b377-510092f7a57d',	4.15625,	2,	'Y',	'북문',	NULL),
(3,	'72cbb603-0594-4cf3-b38b-0fd2719ef963',	'2021-04-19 09:37:39',	'반미리코',	NULL,	'세계 음식',	'대구 북구 산격동 1321-5',	35.8946462818903,	128.611072021845,	NULL,	4,	0,	'Y',	'북문',	NULL),
(4,	'72cbb603-0594-4cf3-b38b-0fd2719ef963',	'2021-04-19 09:38:26',	'메타피자 경대점',	NULL,	'양식',	'대구 북구 산격동 1328-5',	35.89404622954,	128.610661169814,	'230fefe5-b8cd-4878-af5f-075e61927af6',	4,	0,	'Y',	'북문',	NULL),
(5,	'72cbb603-0594-4cf3-b38b-0fd2719ef963',	'2021-04-19 09:39:29',	'맘스터치 경북대점',	NULL,	'세계 음식',	'대구 북구 산격동 1393-25',	35.8928210820776,	128.608749237664,	NULL,	NULL,	0,	'Y',	'서문',	NULL),
(7,	'3c3032ce-21b5-4905-8607-6259d1f4a642',	'2021-06-24 14:24:46',	'써브웨이 대구경북대북문',	NULL,	'세계 음식',	'대구 북구 산격동 1335-4',	35.8930999909325,	128.60945479841425,	NULL,	NULL,	0,	'Y',	'북문',	NULL),
(8,	'3c3032ce-21b5-4905-8607-6259d1f4a642',	'2021-06-24 15:24:00',	'끝소 경북대직영점',	NULL,	'한식',	'대구 북구 산격동 1308-6',	35.8947388667741,	128.610887840566,	'a23e853a-7fd5-477e-a812-8c9939d8d429',	2,	1,	'Y',	'북문',	NULL),
(9,	'72cbb603-0594-4cf3-b38b-0fd2719ef963',	'2021-07-17 20:33:46',	'할리스 경북대북문점',	NULL,	'카페',	'대구 북구 산격동 1393-11',	35.8926839682366,	128.608759752586,	'5362b887-7c1d-4805-ae6c-d76763f26b54',	4,	0,	'Y',	'북문',	NULL),
(10,	'6a8cb443-39ad-499c-9f9f-5959ef4ae1a8',	'2021-06-28 17:14:08',	'낭만놀이',	NULL,	'카페',	'대구 북구 산격동 1309-15',	35.8944296913021,	128.609751944204,	NULL,	NULL,	0,	'Y',	'북문',	NULL),
(11,	'6a8cb443-39ad-499c-9f9f-5959ef4ae1a8',	'2021-07-05 15:48:34',	'왕추찜닭 본점',	NULL,	'한식',	'대구 북구 대현동 257-15',	35.8880982778814,	128.603152145921,	'7154b743-850a-4e36-9f9b-ace48e882a3c',	4,	0,	'Y',	'서문',	NULL),
(12,	'6a8cb443-39ad-499c-9f9f-5959ef4ae1a8',	'2021-07-05 15:49:57',	'베를린버거',	NULL,	'양식',	'대구 북구 산격동 1327-13',	35.893524742002,	128.608960606417,	'a76720ce-60ac-410e-902e-342d29b91dbb',	3,	0,	'Y',	'북문',	NULL),
(13,	'6a8cb443-39ad-499c-9f9f-5959ef4ae1a8',	'2021-07-05 15:55:09',	'앞치마입는남자',	NULL,	'양식',	'대구 북구 산격동 1312-10',	35.8950310545585,	128.609393112425,	'87e8588f-e3c3-439f-82cf-6eeda72787fd',	4,	0,	'Y',	'북문',	NULL),
(14,	'6a8cb443-39ad-499c-9f9f-5959ef4ae1a8',	'2021-07-05 15:55:35',	'태산분식',	NULL,	'세계 음식',	'대구 북구 산격동 1265-20',	35.89685820446493,	128.61116668971306,	'3dcf8fc7-23ae-41b6-87b5-8a2b5bf8fc89',	NULL,	0,	'Y',	'북문',	NULL),
(15,	'6a8cb443-39ad-499c-9f9f-5959ef4ae1a8',	'2021-07-05 15:56:01',	'고니식탁',	NULL,	'한식',	'대구 북구 산격동 1393-13',	35.892601279566,	128.608474570478,	'a134603c-600c-42eb-b5d2-e310cefb1d48',	NULL,	0,	'Y',	'북문',	NULL),
(16,	'6a8cb443-39ad-499c-9f9f-5959ef4ae1a8',	'2021-07-05 15:56:18',	'마사',	NULL,	'일식',	'대구 북구 산격동 1414-1',	35.8924458015572,	128.607164628631,	'0d2f6d11-6b89-487a-b797-92e27598c212',	4,	0,	'Y',	'북문',	NULL),
(17,	'6a8cb443-39ad-499c-9f9f-5959ef4ae1a8',	'2021-07-05 15:58:03',	'나이스샤워 경대북문점',	NULL,	'일식',	'대구 북구 산격동 1397-42',	35.8933932198759,	128.607746375079,	'd1503fb3-553f-4256-9a71-6c6cea8bb180',	NULL,	0,	'Y',	'북문',	NULL),
(18,	'6a8cb443-39ad-499c-9f9f-5959ef4ae1a8',	'2021-07-05 22:10:28',	'정선생 경북대점',	NULL,	'술집',	'대구 북구 산격동 1397-15',	35.8926322130062,	128.607779713339,	NULL,	NULL,	0,	'Y',	'북문',	NULL),
(19,	'6a8cb443-39ad-499c-9f9f-5959ef4ae1a8',	'2021-07-06 11:45:50',	'한신포차 경북대점',	NULL,	'술집',	'대구 북구 산격동 1313-4',	35.8938102617378,	128.609038370788,	NULL,	NULL,	0,	'Y',	'북문',	NULL),
(20,	'6a8cb443-39ad-499c-9f9f-5959ef4ae1a8',	'2021-07-07 12:19:18',	'봉대박찜닭',	NULL,	'한식',	'대구 북구 산격동 1309-9',	35.8944871517122,	128.610036623275,	'1cadc023-e4f8-4e1a-8060-f7ef9c4816a3',	4,	1,	'Y',	'북문',	NULL),
(21,	'6a8cb443-39ad-499c-9f9f-5959ef4ae1a8',	'2021-07-07 12:48:05',	'온담정',	NULL,	'한식',	'대구 북구 산격동 1314-13',	35.8946378924669,	128.608471477838,	'2d28ae09-d3db-4eef-88e3-4d95e48677e3',	4,	0,	'Y',	'북문',	NULL),
(22,	'6a8cb443-39ad-499c-9f9f-5959ef4ae1a8',	'2021-07-07 14:46:13',	'땅땅치킨 신암점',	NULL,	'세계 음식',	'대구 동구 신암동 831-9',	35.88445294906132,	128.61386528411887,	'7cbf8e10-fe12-4066-be79-01fb09a755a6',	4,	1,	'Y',	'정문/쪽문',	NULL),
(23,	'6a8cb443-39ad-499c-9f9f-5959ef4ae1a8',	'2021-07-07 14:46:39',	'헬로어게인 대구복현점',	NULL,	'카페',	'대구 북구 복현동 618-35',	35.8894958880586,	128.61639840628,	'09b011ca-f377-4b2d-b8a4-c020ca14503b',	NULL,	0,	'Y',	'동문',	NULL),
(26,	'3c3032ce-21b5-4905-8607-6259d1f4a642',	'2021-07-18 13:09:12',	'한끼갈비',	NULL,	'한식',	'대구 북구 산격동 1393-20',	35.892920277241,	128.608609489946,	'5ebf69e0-c520-415e-b5d0-025d29fe0f35',	NULL,	0,	'Y',	'북문',	NULL),
(27,	'3c3032ce-21b5-4905-8607-6259d1f4a642',	'2021-07-18 13:13:13',	'7번가피자 경북대점',	NULL,	'양식',	'대구 북구 산격동 1399-11',	35.8921783711844,	128.608293252004,	'2e29557f-a6f1-45f4-8925-46f79ac8010d',	NULL,	0,	'Y',	'북문',	NULL),
(28,	'3c3032ce-21b5-4905-8607-6259d1f4a642',	'2021-07-18 14:00:26',	'비스트로피자 본점',	NULL,	'양식',	'대구 북구 대현동 415-5',	35.8844111242932,	128.605017878747,	'4b388b09-47c8-4bd4-a80c-80992b1c2818',	NULL,	0,	'Y',	'서문',	NULL),
(29,	'3c3032ce-21b5-4905-8607-6259d1f4a642',	'2021-07-18 14:11:12',	'탕화쿵푸마라탕 경북대점',	NULL,	'중식',	'대구 북구 산격동 1414-83',	35.8923821992026,	128.607338320564,	'd643f84d-2b91-4e5f-92d8-e3c140404be8',	4,	0,	'Y',	'북문',	NULL),
(30,	'72cbb603-0594-4cf3-b38b-0fd2719ef963',	'2021-07-18 14:38:52',	'다시',	NULL,	'세계 음식',	'대구 북구 대현동 17-55',	35.8851589788788,	128.612155465304,	'f9d589ba-2acb-440a-97f5-69f5cf574323',	4,	1,	'Y',	'정문/쪽문',	NULL),
(31,	'3c3032ce-21b5-4905-8607-6259d1f4a642',	'2021-07-18 19:17:58',	'부리또익스프레스앤모어 경북대점',	NULL,	'양식',	'대구 북구 대현동 119-60',	35.8851694187895,	128.610033989648,	'44242d0e-5404-4454-9ab0-14331714af6e',	4,	1,	'Y',	'정문/쪽문',	NULL),
(32,	'3c3032ce-21b5-4905-8607-6259d1f4a642',	'2021-07-18 21:45:36',	'다이나믹키친',	NULL,	'술집',	'대구 북구 복현동 618-38',	35.889008939855536,	128.61682482463095,	'7b65c9c2-a2cd-4bbc-be3e-e96916d9f4d7',	NULL,	0,	'Y',	'동문',	NULL),
(33,	'3c3032ce-21b5-4905-8607-6259d1f4a642',	'2021-07-19 14:42:57',	'재원이네밥집',	NULL,	'한식',	'대구 북구 산격동 1327-18',	35.893331891458,	128.608961133244,	'e7bd8093-5025-4cfa-b171-a8d0395d7e81',	4,	1,	'Y',	'북문',	NULL);

TRUNCATE `menu`;
INSERT INTO `menu` (`menu_id`, `mall_id`, `menu_name`, `like`, `dislike`, `date_create`) VALUES
(1,	2,	'백반',	17,	0,	'2021-04-19 16:31:31'),
(2,	2,	'삼겹살',	15,	1,	'2021-04-19 17:02:18'),
(3,	2,	'스파게티',	2,	0,	'2021-06-18 15:38:31'),
(4,	2,	'루꼴라피자',	2,	0,	'2021-06-18 15:38:31'),
(5,	2,	'스콘',	1,	0,	'2021-06-18 16:35:06'),
(6,	2,	'독일소세지',	1,	0,	'2021-06-19 11:34:32'),
(7,	2,	'하이볼',	2,	0,	'2021-06-24 14:03:36'),
(8,	2,	'술',	1,	0,	'2021-06-24 14:03:36'),
(9,	2,	'새우구이',	1,	0,	'2021-06-24 14:07:16'),
(10,	2,	'할라가이즈플레이트',	1,	0,	'2021-07-16 15:43:37'),
(11,	2,	'도시락',	1,	0,	'2021-07-16 15:59:21'),
(12,	2,	'삼겹살도시락',	1,	0,	'2021-07-16 16:03:22'),
(13,	2,	'스위트콘피자',	1,	0,	'2021-07-16 16:07:32'),
(14,	12,	'비건버거',	1,	0,	'2021-07-16 16:08:37'),
(15,	8,	'치아바타비슷한거',	1,	0,	'2021-07-16 16:09:32'),
(16,	2,	'케밥',	0,	1,	'2021-07-16 16:14:12'),
(17,	2,	'고데기밥',	1,	0,	'2021-07-16 16:52:07'),
(18,	13,	'아보카도 샐러드',	1,	0,	'2021-07-16 17:19:57'),
(19,	21,	'칵테일',	1,	0,	'2021-07-16 21:07:15'),
(20,	20,	'매콤찜닭',	1,	0,	'2021-07-17 00:04:58'),
(21,	16,	'커피',	1,	0,	'2021-07-17 00:05:34'),
(24,	4,	'핏자',	1,	0,	'2021-07-17 20:00:21'),
(25,	29,	'호ㅗㅗ',	1,	0,	'2021-07-18 14:11:39'),
(26,	2,	'햄버거',	1,	0,	'2021-07-18 19:00:54'),
(27,	31,	'베리빙수',	1,	0,	'2021-07-18 20:10:47'),
(28,	30,	'연어',	1,	0,	'2021-07-18 20:14:15'),
(29,	30,	'플래이트',	2,	0,	'2021-07-18 20:22:41'),
(30,	11,	'플레이트',	0,	1,	'2021-07-18 20:23:44'),
(31,	30,	'음',	1,	0,	'2021-07-18 20:38:35'),
(32,	22,	'치킨',	2,	2,	'2021-07-18 20:42:37'),
(33,	22,	'흠',	0,	1,	'2021-07-18 20:58:44'),
(34,	3,	'반미',	1,	0,	'2021-07-18 23:07:51'),
(35,	33,	'마파두부',	1,	0,	'2021-07-19 14:43:53');

TRUNCATE `menu_list`;
INSERT INTO `menu_list` (`menu_list_id`, `review_id`, `menu_id`) VALUES
(1,	1,	1),
(2,	1,	2),
(3,	2,	1),
(4,	2,	2),
(5,	3,	3),
(6,	3,	4),
(7,	4,	5),
(8,	5,	1),
(9,	6,	6),
(10,	7,	2),
(11,	8,	7),
(12,	8,	8),
(13,	9,	9),
(14,	10,	1),
(15,	11,	4),
(16,	12,	2),
(17,	13,	1),
(18,	13,	2),
(19,	14,	1),
(20,	14,	2),
(21,	15,	1),
(22,	15,	2),
(23,	16,	1),
(24,	16,	2),
(25,	17,	1),
(26,	17,	2),
(27,	18,	1),
(28,	18,	2),
(29,	19,	1),
(30,	19,	2),
(31,	20,	1),
(32,	21,	1),
(33,	21,	2),
(34,	22,	1),
(35,	22,	2),
(36,	23,	1),
(37,	23,	2),
(38,	24,	10),
(39,	25,	11),
(40,	26,	12),
(41,	27,	13),
(42,	28,	14),
(43,	29,	15),
(44,	30,	16),
(45,	31,	17),
(46,	32,	18),
(47,	33,	3),
(48,	34,	19),
(49,	35,	20),
(50,	36,	21),
(53,	39,	24),
(56,	41,	1),
(57,	41,	2),
(58,	42,	7),
(59,	43,	25),
(60,	44,	26),
(61,	45,	27),
(62,	46,	28),
(63,	47,	29),
(64,	48,	30),
(65,	49,	31),
(66,	50,	29),
(67,	51,	32),
(68,	52,	32),
(69,	53,	32),
(70,	54,	32),
(71,	55,	33),
(72,	56,	34),
(73,	57,	35);

TRUNCATE `my_recommend`;
INSERT INTO `my_recommend` (`recommend_id`, `user_id`, `mall_id`, `date_create`, `is_active`) VALUES
(2,	'72cbb603-0594-4cf3-b38b-0fd2719ef963',	2,	'2021-04-20 13:41:57',	'Y'),
(3,	'72cbb603-0594-4cf3-b38b-0fd2719ef963',	4,	'2021-04-20 14:07:17',	'Y'),
(4,	'72cbb603-0594-4cf3-b38b-0fd2719ef963',	3,	'2021-04-20 14:07:27',	'Y'),
(5,	'72cbb603-0594-4cf3-b38b-0fd2719ef963',	5,	'2021-04-20 14:07:29',	'Y'),
(6,	'3c3032ce-21b5-4905-8607-6259d1f4a642',	2,	'2021-07-16 22:03:46',	'Y'),
(7,	'3c3032ce-21b5-4905-8607-6259d1f4a642',	16,	'2021-07-16 22:07:39',	'N'),
(8,	'3c3032ce-21b5-4905-8607-6259d1f4a642',	18,	'2021-07-16 22:18:01',	'N'),
(9,	'3c3032ce-21b5-4905-8607-6259d1f4a642',	14,	'2021-07-17 19:57:12',	'N'),
(10,	'3c3032ce-21b5-4905-8607-6259d1f4a642',	21,	'2021-07-18 13:17:02',	'N'),
(11,	'3c3032ce-21b5-4905-8607-6259d1f4a642',	29,	'2021-07-18 14:12:00',	'N'),
(12,	'3c3032ce-21b5-4905-8607-6259d1f4a642',	31,	'2021-07-18 19:18:43',	'Y'),
(13,	'3c3032ce-21b5-4905-8607-6259d1f4a642',	8,	'2021-07-18 19:19:03',	'Y'),
(14,	'3c3032ce-21b5-4905-8607-6259d1f4a642',	20,	'2021-07-18 19:40:25',	'Y'),
(15,	'3c3032ce-21b5-4905-8607-6259d1f4a642',	30,	'2021-07-18 20:13:20',	'Y'),
(16,	'3c3032ce-21b5-4905-8607-6259d1f4a642',	22,	'2021-07-18 20:43:25',	'Y'),
(17,	'3c3032ce-21b5-4905-8607-6259d1f4a642',	33,	'2021-07-19 14:43:30',	'Y');

TRUNCATE `notice`;
INSERT INTO `notice` (`notice_id`, `user_id`, `date_create`, `title`, `contents`, `is_active`) VALUES
(1,	'72cbb603-0594-4cf3-b38b-0fd2719ef963',	'2021-06-26 11:40:07',	'notice title 1',	'notice contents 1',	'N'),
(2,	'72cbb603-0594-4cf3-b38b-0fd2719ef963',	'2021-06-26 11:40:29',	'title 1',	'contents 2',	'Y'),
(3,	'72cbb603-0594-4cf3-b38b-0fd2719ef963',	'2021-06-26 11:40:37',	'notice title 1',	'notice contents 1',	'Y'),
(4,	'72cbb603-0594-4cf3-b38b-0fd2719ef963',	'2021-06-26 11:41:49',	'notice title 1',	'notice contents 1',	'Y'),
(5,	'72cbb603-0594-4cf3-b38b-0fd2719ef963',	'2021-06-26 11:41:52',	'notice title 1',	'notice contents 1',	'Y'),
(6,	'72cbb603-0594-4cf3-b38b-0fd2719ef963',	'2021-06-26 11:42:09',	'notice title 1',	'notice contents 1',	'Y'),
(7,	'72cbb603-0594-4cf3-b38b-0fd2719ef963',	'2021-06-26 11:43:08',	'notice title 1',	'notice contents 1',	'Y'),
(8,	'3c3032ce-21b5-4905-8607-6259d1f4a642',	'2021-07-07 21:18:07',	'업데이트 버전을 다운 받아주세요!',	'이걸로 업데이트!',	'Y'),
(9,	'3c3032ce-21b5-4905-8607-6259d1f4a642',	'2021-07-07 22:03:16',	'크슐랭가이드가 출시되었습니다!',	'축하합니다! 개발자들이 피땀을 흘려 드디어 크슐랭 가이드가 출시되었습니다. 어서 다운을..!!',	'Y'),
(10,	'3c3032ce-21b5-4905-8607-6259d1f4a642',	'2021-07-07 22:06:03',	'이번주 신고 명단 업데이트 드립니다.',	'신고 명단:\n1. 옥수수\n2. 돼지찌개\n3. 김치찌개\n4. 삼겹살\n5. 버터구이오징어\n\n감사합니다.',	'Y');

TRUNCATE `report`;
INSERT INTO `report` (`report_id`, `user_id`, `review_id`, `date_create`, `reason`, `result`) VALUES
(1,	'3c3032ce-21b5-4905-8607-6259d1f4a642',	1,	'2021-06-18 14:28:53',	'욕설 포',	'proceeding'),
(2,	'3c3032ce-21b5-4905-8607-6259d1f4a642',	1,	'2021-06-18 14:30:25',	'욕설 포',	'proceeding'),
(3,	'3c3032ce-21b5-4905-8607-6259d1f4a642',	4,	'2021-06-18 16:57:58',	'나빠요 ㅠㅠ',	'passed'),
(4,	'3c3032ce-21b5-4905-8607-6259d1f4a642',	4,	'2021-06-18 16:59:29',	'욕을 썼어요',	'proceeding'),
(5,	'3c3032ce-21b5-4905-8607-6259d1f4a642',	3,	'2021-06-18 17:18:46',	'신고합니다',	'proceeding');

TRUNCATE `review`;
INSERT INTO `review` (`review_id`, `user_id`, `mall_id`, `date_create`, `contents`, `evaluate`, `review_image`, `is_active`) VALUES
(1,	'72cbb603-0594-4cf3-b38b-0fd2719ef963',	2,	'2021-04-19 20:53:10',	'review1',	4,	NULL,	'Y'),
(2,	'72cbb603-0594-4cf3-b38b-0fd2719ef963',	2,	'2021-04-19 20:54:49',	'review1',	5,	NULL,	'N'),
(3,	'3c3032ce-21b5-4905-8607-6259d1f4a642',	2,	'2021-06-18 15:38:33',	'진짜 맛있었어요! 가성비 갑',	5,	'0592611c-667b-40ba-9baa-2fbddd551a02',	'N'),
(4,	'3c3032ce-21b5-4905-8607-6259d1f4a642',	2,	'2021-06-18 16:35:06',	'진짜 굿굿',	5,	'fe2c403c-29ff-415e-8dec-d2a7a3f7c431',	'N'),
(5,	'3c3032ce-21b5-4905-8607-6259d1f4a642',	2,	'2021-06-18 16:35:46',	'그냥 그랬어요',	3,	NULL,	'N'),
(6,	'3c3032ce-21b5-4905-8607-6259d1f4a642',	2,	'2021-06-19 11:34:34',	'상당히 좋았어요',	4,	'0c2fd354-b190-48df-b7e4-8f9eaef9aee9',	'N'),
(7,	'3c3032ce-21b5-4905-8607-6259d1f4a642',	2,	'2021-06-19 15:13:22',	'꽤 괜찮았습니다. 가성비 좋아요 ㅎㅎ ',	4,	NULL,	'N'),
(8,	'3c3032ce-21b5-4905-8607-6259d1f4a642',	2,	'2021-06-24 14:03:40',	'아주 굿굿 분위기도 좋아요',	5,	'2d5bc1d0-f487-468c-ac30-2e5f437a87b4',	'N'),
(9,	'3c3032ce-21b5-4905-8607-6259d1f4a642',	2,	'2021-06-24 14:07:17',	'아주 좋았어요 가성비 굿굿 ㅎㅎ',	4,	'adb723e7-2486-4fef-a049-38cf52eee9aa',	'N'),
(10,	'3c3032ce-21b5-4905-8607-6259d1f4a642',	2,	'2021-06-24 15:26:41',	'위생도 좋고 사장님도 친절하세요. 사람들이 더 알았으면 좋겠네요! 일주일에 최소 2번 이상은 방문 할 것 같습니다 ㅎㅎ',	4,	'97adb449-5e5f-4421-8df8-42410e45b247',	'Y'),
(11,	'3c3032ce-21b5-4905-8607-6259d1f4a642',	2,	'2021-06-24 15:38:00',	'꽤 만족스러웠다',	4,	'8e824e4e-43f3-4dab-9614-2971c8050ddd',	'Y'),
(12,	'6a8cb443-39ad-499c-9f9f-5959ef4ae1a8',	2,	'2021-06-24 16:11:53',	'가성비 값 ㅎㅎ',	4,	NULL,	'Y'),
(13,	'72cbb603-0594-4cf3-b38b-0fd2719ef963',	2,	'2021-06-28 09:37:49',	'review',	4,	'a7c927db-eab2-44d8-a780-173bd8192bab',	'Y'),
(14,	'72cbb603-0594-4cf3-b38b-0fd2719ef963',	2,	'2021-06-28 09:37:57',	'review',	4,	'e90cd533-b915-4194-8fd4-d4887d4e56fb',	'Y'),
(15,	'72cbb603-0594-4cf3-b38b-0fd2719ef963',	2,	'2021-06-28 09:38:37',	'review',	4,	'eda463ef-79c6-4901-80ad-d57edc99d472',	'Y'),
(16,	'72cbb603-0594-4cf3-b38b-0fd2719ef963',	2,	'2021-06-28 09:41:06',	'review',	4,	'ac32cb81-981f-437f-a853-61d5f56bb7f0',	'Y'),
(17,	'72cbb603-0594-4cf3-b38b-0fd2719ef963',	2,	'2021-06-28 09:41:48',	'review',	4,	NULL,	'Y'),
(18,	'72cbb603-0594-4cf3-b38b-0fd2719ef963',	2,	'2021-06-28 09:41:55',	'review',	4,	'2f98a9a2-3b4e-40e9-b377-510092f7a57d',	'Y'),
(19,	'72cbb603-0594-4cf3-b38b-0fd2719ef963',	2,	'2021-06-28 09:42:04',	'review',	4,	'bbca0459-2390-438d-bffa-18f30579e3cf',	'Y'),
(20,	'6a8cb443-39ad-499c-9f9f-5959ef4ae1a8',	2,	'2021-07-01 12:07:10',	'Very very good',	5,	'f5a04b21-425a-4afd-ba3d-144e3cc8ef2b',	'Y'),
(21,	'72cbb603-0594-4cf3-b38b-0fd2719ef963',	2,	'2021-07-04 21:04:15',	'review',	4,	'58294a66-b75b-4332-b180-f1d8336e570b',	'Y'),
(22,	'72cbb603-0594-4cf3-b38b-0fd2719ef963',	2,	'2021-07-04 21:05:25',	'review',	4,	'321ff655-bfc7-4cba-8992-215d6529ad5d',	'Y'),
(23,	'6a8cb443-39ad-499c-9f9f-5959ef4ae1a8',	2,	'2021-07-04 21:21:53',	'review',	4,	'b2211ab2-6720-478d-abfe-0f888a6d11a0',	'Y'),
(24,	'3c3032ce-21b5-4905-8607-6259d1f4a642',	2,	'2021-07-16 15:43:39',	'맛있었어요',	4,	'f27f2d4f-fb2b-446d-aa61-0242a4d7f1c6',	'Y'),
(25,	'3c3032ce-21b5-4905-8607-6259d1f4a642',	2,	'2021-07-16 15:59:23',	'평범했어요',	3,	'259eab21-3bdf-4aed-b193-afa5e5e079f9',	'Y'),
(26,	'3c3032ce-21b5-4905-8607-6259d1f4a642',	2,	'2021-07-16 16:03:24',	'좋음 5자필수',	4,	'5c8e7f8e-f22a-455f-ade4-58dc0f3d8c8c',	'Y'),
(27,	'3c3032ce-21b5-4905-8607-6259d1f4a642',	2,	'2021-07-16 16:07:34',	'굿굿굿굿굿',	4,	'786375d1-592f-4b85-a24c-d93767ebcb46',	'Y'),
(28,	'3c3032ce-21b5-4905-8607-6259d1f4a642',	12,	'2021-07-16 16:08:39',	'그냥저냥 별로',	3,	'5a7c80e3-7c89-47ce-a755-e218c5da5e9f',	'Y'),
(29,	'3c3032ce-21b5-4905-8607-6259d1f4a642',	8,	'2021-07-16 16:09:34',	'별로였어요',	2,	'a23e853a-7fd5-477e-a812-8c9939d8d429',	'Y'),
(30,	'3c3032ce-21b5-4905-8607-6259d1f4a642',	2,	'2021-07-16 16:14:13',	'그냥 그랬어요',	5,	'cc89d2f4-7c45-440b-b35e-4a68d3a75ea1',	'Y'),
(31,	'3c3032ce-21b5-4905-8607-6259d1f4a642',	2,	'2021-07-16 16:52:08',	'맛있어5:₩:6',	5,	'42c679c6-f53c-4002-b9f1-539057b32ba2',	'Y'),
(32,	'3c3032ce-21b5-4905-8607-6259d1f4a642',	13,	'2021-07-16 17:19:58',	'진짜 굿굿',	4,	'a9178b72-9002-4004-8a4a-b9a82d497aec',	'Y'),
(33,	'3c3032ce-21b5-4905-8607-6259d1f4a642',	2,	'2021-07-16 17:58:52',	'ㅓㅓㅓㅓㅓㅓㅓㅓ',	4,	'8a035869-5ecf-4aba-a8e7-e1f4927c3deb',	'Y'),
(34,	'3c3032ce-21b5-4905-8607-6259d1f4a642',	21,	'2021-07-16 21:07:15',	'칵테일 좋아요',	4,	'f9428b95-7ea0-442f-9785-44837435a195',	'Y'),
(35,	'3c3032ce-21b5-4905-8607-6259d1f4a642',	20,	'2021-07-17 00:05:00',	'완전 추천합니다',	4,	'1cadc023-e4f8-4e1a-8060-f7ef9c4816a3',	'Y'),
(36,	'3c3032ce-21b5-4905-8607-6259d1f4a642',	16,	'2021-07-17 00:05:34',	'완전 추천해요 ㅎㅎ',	4,	'dad9b8f5-4a86-462f-9fb8-7360b95f2d6d',	'Y'),
(39,	'3c3032ce-21b5-4905-8607-6259d1f4a642',	4,	'2021-07-17 20:00:22',	',,??????',	4,	'230fefe5-b8cd-4878-af5f-075e61927af6',	'Y'),
(41,	'72cbb603-0594-4cf3-b38b-0fd2719ef963',	9,	'2021-07-17 20:34:24',	'review',	4,	'5362b887-7c1d-4805-ae6c-d76763f26b54',	'Y'),
(42,	'3c3032ce-21b5-4905-8607-6259d1f4a642',	2,	'2021-07-18 14:09:37',	'ㅎ고옹ㅕ허럴',	4,	NULL,	'Y'),
(43,	'3c3032ce-21b5-4905-8607-6259d1f4a642',	29,	'2021-07-18 14:11:40',	'호ㅓㅏㅏㅏㅏ',	4,	'd643f84d-2b91-4e5f-92d8-e3c140404be8',	'Y'),
(44,	'3c3032ce-21b5-4905-8607-6259d1f4a642',	2,	'2021-07-18 19:00:59',	'맛있ㅇㅇㅇ',	4,	'552375d4-7a48-4908-8121-9ed21bbad9c7',	'Y'),
(45,	'3c3032ce-21b5-4905-8607-6259d1f4a642',	31,	'2021-07-18 20:10:49',	'굿 5글자필수',	4,	'819944fc-0dd7-4ec7-b8f7-73a5fd93cf6b',	'Y'),
(46,	'3c3032ce-21b5-4905-8607-6259d1f4a642',	30,	'2021-07-18 20:14:16',	'굿굿굿굿굿',	4,	'f9d589ba-2acb-440a-97f5-69f5cf574323',	'Y'),
(47,	'3c3032ce-21b5-4905-8607-6259d1f4a642',	30,	'2021-07-18 20:22:44',	'ㅇㅇㅇㅇㅇ',	4,	'bbd86460-540b-488c-98e7-922e8347c4aa',	'Y'),
(48,	'3c3032ce-21b5-4905-8607-6259d1f4a642',	11,	'2021-07-18 20:23:46',	'ㅇㅇㅇㅇㅇ',	4,	'7154b743-850a-4e36-9f9b-ace48e882a3c',	'Y'),
(49,	'3c3032ce-21b5-4905-8607-6259d1f4a642',	30,	'2021-07-18 20:38:37',	'ㅎㅎㅎㅎㅎㅎ',	4,	'8f9b19e9-51ef-436b-8d5e-070f4799cc37',	'Y'),
(50,	'3c3032ce-21b5-4905-8607-6259d1f4a642',	30,	'2021-07-18 20:39:43',	'후후후후후',	4,	'f5b840b9-7067-413c-9408-7e5b0c1c72d4',	'Y'),
(51,	'3c3032ce-21b5-4905-8607-6259d1f4a642',	22,	'2021-07-18 20:42:40',	'ㅇㅇㅇㅇㅇ',	4,	'7cbf8e10-fe12-4066-be79-01fb09a755a6',	'Y'),
(52,	'3c3032ce-21b5-4905-8607-6259d1f4a642',	22,	'2021-07-18 20:43:43',	'ㅇㅇㅇㅇㅇ',	4,	NULL,	'Y'),
(53,	'3c3032ce-21b5-4905-8607-6259d1f4a642',	22,	'2021-07-18 20:47:11',	'ㅇㅇㅇㅇㅇ',	4,	NULL,	'Y'),
(54,	'3c3032ce-21b5-4905-8607-6259d1f4a642',	22,	'2021-07-18 20:49:56',	'ㅋㅋㅋㅋㅋㅋ',	4,	NULL,	'Y'),
(55,	'3c3032ce-21b5-4905-8607-6259d1f4a642',	22,	'2021-07-18 20:58:45',	'치킨치킴치킨',	4,	NULL,	'Y'),
(56,	'3c3032ce-21b5-4905-8607-6259d1f4a642',	3,	'2021-07-18 23:07:52',	'ㅇㅇㅇㅇㅇ',	4,	NULL,	'Y'),
(57,	'3c3032ce-21b5-4905-8607-6259d1f4a642',	33,	'2021-07-19 14:43:54',	'꽤 괜찮았습니다',	4,	'e61b6a0a-a801-48b7-a047-2fe66694b5d3',	'Y');

TRUNCATE `suggestion`;
INSERT INTO `suggestion` (`suggestion_id`, `user_id`, `contents`, `date_create`) VALUES
(1,	'72cbb603-0594-4cf3-b38b-0fd2719ef963',	'suggestion contents1',	'2021-06-11 22:31:18'),
(2,	'72cbb603-0594-4cf3-b38b-0fd2719ef963',	'suggestion contents2',	'2021-06-11 22:31:25'),
(3,	'72cbb603-0594-4cf3-b38b-0fd2719ef963',	'suggestion contents3',	'2021-06-11 22:31:27'),
(4,	'72cbb603-0594-4cf3-b38b-0fd2719ef963',	'suggestion contents4',	'2021-06-11 22:31:29'),
(5,	'72cbb603-0594-4cf3-b38b-0fd2719ef963',	'suggestion contents5',	'2021-06-11 22:31:31'),
(6,	'3c3032ce-21b5-4905-8607-6259d1f4a642',	'앱 디자인이 좀 더 좋았으면 좋겠씁니다 ',	'2021-06-18 14:37:14'),
(7,	'72cbb603-0594-4cf3-b38b-0fd2719ef963',	'suggestion contents5',	'2021-06-19 19:07:59'),
(8,	'3c3032ce-21b5-4905-8607-6259d1f4a642',	'개선 부탁합니다잉',	'2021-06-23 16:55:38'),
(9,	'6a8cb443-39ad-499c-9f9f-5959ef4ae1a8',	'앱 디자인이 좀 더 좋았으면 좋겠씁니다 ',	'2021-06-24 14:13:26'),
(10,	'6a8cb443-39ad-499c-9f9f-5959ef4ae1a8',	'건의사항 보내기 테스트 ',	'2021-06-28 17:21:56'),
(11,	'6a8cb443-39ad-499c-9f9f-5959ef4ae1a8',	'Test test',	'2021-06-28 17:23:08'),
(12,	'6a8cb443-39ad-499c-9f9f-5959ef4ae1a8',	'건의하고싶어요',	'2021-07-01 11:58:51'),
(13,	'3c3032ce-21b5-4905-8607-6259d1f4a642',	'안녕하세요 ㅎㅎ',	'2021-07-07 18:51:33'),
(14,	'3c3032ce-21b5-4905-8607-6259d1f4a642',	'건의샇ㅇ',	'2021-07-07 21:03:59'),
(15,	'3c3032ce-21b5-4905-8607-6259d1f4a642',	'건의건의이건희',	'2021-07-07 22:03:56'),
(16,	'3c3032ce-21b5-4905-8607-6259d1f4a642',	'건의합니당ㅇㅇㅇ',	'2021-07-08 12:02:12'),
(17,	'3c3032ce-21b5-4905-8607-6259d1f4a642',	'건의합니다',	'2021-07-09 13:46:06'),
(18,	'3c3032ce-21b5-4905-8607-6259d1f4a642',	'건희야!!',	'2021-07-09 16:11:37');

TRUNCATE `user`;
INSERT INTO `user` (`user_id`, `user_name`, `password`, `display_name`, `mail_address`, `date_create`, `is_active`, `medal_id`, `user_thumbnail`) VALUES
('0cbbf56c-63a3-4082-aea2-898ce9443aed',	'idtest1',	'TrKPCKB8swPI4J3RdDepk7r7YwWmQLd9NWU7T6ztcDoAivkw6/DKN74VrsW02WkVI6eNmdZ9R/Y65ER+rnrA7Q==',	'nickname1',	'qqw@knu.ac.kr',	'2021-07-19 17:35:09',	'Y',	3,	NULL),
('1aa6a6ea-f52b-4496-b560-5dba4a9aad1c',	'test',	'TrKPCKB8swPI4J3RdDepk7r7YwWmQLd9NWU7T6ztcDoAivkw6/DKN74VrsW02WkVI6eNmdZ9R/Y65ER+rnrA7Q==',	'test',	'asdf@asdf.com',	'2021-04-18 16:28:20',	'Y',	3,	NULL),
('1fdba7f8-ae2e-4c87-a7bf-18e4b4fdda8b',	'kevin5',	'TrKPCKB8swPI4J3RdDepk7r7YwWmQLd9NWU7T6ztcDoAivkw6/DKN74VrsW02WkVI6eNmdZ9R/Y65ER+rnrA7Q==',	'kevin5',	'',	'2021-07-20 15:05:05',	'Y',	3,	NULL),
('20f46525-f8e4-4251-b72e-35040c25bdc4',	'hello123',	'TrKPCKB8swPI4J3RdDepk7r7YwWmQLd9NWU7T6ztcDoAivkw6/DKN74VrsW02WkVI6eNmdZ9R/Y65ER+rnrA7Q==',	'hello123',	'hello123@knu.ac.kr',	'2021-07-01 16:42:54',	'Y',	3,	NULL),
('276f73f9-8dbd-4a38-8344-331d6c5c51d1',	'kevink2',	'g7uqO+Sp1P/IhhM/7erHhhgQSgVElxH82k89uJi/56braHp9Na4SRC7R9F/NEjfjcgngSLGMayUTaUy8Mi1Ufg==',	'kevnki2',	'kevin2kim26@knu.ac.kr',	'2021-04-21 22:07:27',	'Y',	3,	NULL),
('3389fb18-2906-440c-b380-c412b62e8a5b',	'alexding4',	'TrKPCKB8swPI4J3RdDepk7r7YwWmQLd9NWU7T6ztcDoAivkw6/DKN74VrsW02WkVI6eNmdZ9R/Y65ER+rnrA7Q==',	'alexding4',	'alexding4@knu.ac.kr',	'2021-07-20 14:21:59',	'Y',	3,	NULL),
('3c3032ce-21b5-4905-8607-6259d1f4a642',	'kevinkim',	'g7uqO+Sp1P/IhhM/7erHhhgQSgVElxH82k89uJi/56braHp9Na4SRC7R9F/NEjfjcgngSLGMayUTaUy8Mi1Ufg==',	'kevinkim',	'kevinkim2586@knu.ac.kr',	'2021-04-21 21:59:48',	'Y',	2,	'd5fad61b-6da5-4ff5-997d-995ce3e5c93c'),
('3e60357a-b4bd-44e2-b6bf-b1f7677810f3',	'kevin1',	'TrKPCKB8swPI4J3RdDepk7r7YwWmQLd9NWU7T6ztcDoAivkw6/DKN74VrsW02WkVI6eNmdZ9R/Y65ER+rnrA7Q==',	'kevin1',	'',	'2021-07-20 14:54:47',	'Y',	3,	NULL),
('4103669e-e6f3-4de9-b382-1ea6875e5ec7',	'hbjs5',	'TrKPCKB8swPI4J3RdDepk7r7YwWmQLd9NWU7T6ztcDoAivkw6/DKN74VrsW02WkVI6eNmdZ9R/Y65ER+rnrA7Q==',	'hbjs5',	'asdf@asdf.com',	'2021-07-20 13:30:26',	'Y',	3,	'1a9dd030-a9f0-47b0-9054-ef53931697b1'),
('4629579f-ae48-4069-ab42-c623d802465f',	'jinzero',	'TrKPCKB8swPI4J3RdDepk7r7YwWmQLd9NWU7T6ztcDoAivkw6/DKN74VrsW02WkVI6eNmdZ9R/Y65ER+rnrA7Q==',	'jinzero',	'jinzero@jinzero.com',	'2021-07-08 17:57:57',	'Y',	3,	NULL),
('4db5fe6b-7998-4557-a885-813ce3f10860',	'kimyc',	'g7uqO+Sp1P/IhhM/7erHhhgQSgVElxH82k89uJi/56braHp9Na4SRC7R9F/NEjfjcgngSLGMayUTaUy8Mi1Ufg==',	'kimyc',	'kevinkim2586@naver.com',	'2021-07-18 20:10:25',	'Y',	3,	NULL),
('4f8a3d7d-939c-41da-87b7-f9779e379bbc',	'alexding6',	'TrKPCKB8swPI4J3RdDepk7r7YwWmQLd9NWU7T6ztcDoAivkw6/DKN74VrsW02WkVI6eNmdZ9R/Y65ER+rnrA7Q==',	'alexding6',	'alexding6@knu.ac.kr',	'2021-07-20 14:41:18',	'Y',	3,	NULL),
('52bee118-ee8c-4b46-8553-996b2f623854',	'alexding3',	'TrKPCKB8swPI4J3RdDepk7r7YwWmQLd9NWU7T6ztcDoAivkw6/DKN74VrsW02WkVI6eNmdZ9R/Y65ER+rnrA7Q==',	'alexding3',	'alexding3@knu.ac.kr',	'2021-07-19 22:12:09',	'Y',	3,	NULL),
('5526b73a-24d2-4e0f-8246-1b05e953099c',	'kevin2',	'TrKPCKB8swPI4J3RdDepk7r7YwWmQLd9NWU7T6ztcDoAivkw6/DKN74VrsW02WkVI6eNmdZ9R/Y65ER+rnrA7Q==',	'kevin2',	'',	'2021-07-20 15:00:09',	'Y',	3,	NULL),
('568f7407-a5ae-4640-b594-62c2f9a6b611',	'kevin8',	'TrKPCKB8swPI4J3RdDepk7r7YwWmQLd9NWU7T6ztcDoAivkw6/DKN74VrsW02WkVI6eNmdZ9R/Y65ER+rnrA7Q==',	'kevin8',	'',	'2021-07-20 15:31:47',	'Y',	3,	NULL),
('5cc5c0bf-95ae-4c98-b886-67529b70381b',	'alexding9',	'TrKPCKB8swPI4J3RdDepk7r7YwWmQLd9NWU7T6ztcDoAivkw6/DKN74VrsW02WkVI6eNmdZ9R/Y65ER+rnrA7Q==',	'alexding9',	'',	'2021-07-20 14:51:11',	'Y',	3,	NULL),
('5d88b090-044f-4291-8d71-07cac44337d2',	'kevink',	'g7uqO+Sp1P/IhhM/7erHhhgQSgVElxH82k89uJi/56braHp9Na4SRC7R9F/NEjfjcgngSLGMayUTaUy8Mi1Ufg==',	'kevnki',	'kevinkim26@knu.ac.kr',	'2021-04-21 22:04:39',	'Y',	3,	NULL),
('5f07ee1d-b53a-4836-a5a8-c0a045395c8c',	'kevin6',	'TrKPCKB8swPI4J3RdDepk7r7YwWmQLd9NWU7T6ztcDoAivkw6/DKN74VrsW02WkVI6eNmdZ9R/Y65ER+rnrA7Q==',	'kevin6',	'',	'2021-07-20 15:08:20',	'Y',	3,	NULL),
('5fcfabb6-5ba6-4f03-a052-0ea4995cdfc6',	'kevin3',	'TrKPCKB8swPI4J3RdDepk7r7YwWmQLd9NWU7T6ztcDoAivkw6/DKN74VrsW02WkVI6eNmdZ9R/Y65ER+rnrA7Q==',	'kevin3',	'',	'2021-07-20 15:02:15',	'Y',	3,	NULL),
('625e69c8-fefb-442e-81e7-7bc02aef6aaa',	'alexding2',	'TrKPCKB8swPI4J3RdDepk7r7YwWmQLd9NWU7T6ztcDoAivkw6/DKN74VrsW02WkVI6eNmdZ9R/Y65ER+rnrA7Q==',	'alexding2',	'alexding@knu.ac.kr',	'2021-07-19 18:05:33',	'Y',	3,	NULL),
('668b682b-95d4-4d6d-bc04-aed460708d6b',	'asdfg',	'TrKPCKB8swPI4J3RdDepk7r7YwWmQLd9NWU7T6ztcDoAivkw6/DKN74VrsW02WkVI6eNmdZ9R/Y65ER+rnrA7Q==',	'asdfg',	'asdfg@knu.ac.kr',	'2021-07-19 17:51:15',	'Y',	3,	NULL),
('6a8cb443-39ad-499c-9f9f-5959ef4ae1a8',	'alexding',	'g7uqO+Sp1P/IhhM/7erHhhgQSgVElxH82k89uJi/56braHp9Na4SRC7R9F/NEjfjcgngSLGMayUTaUy8Mi1Ufg==',	'alexding',	'alexding@knu.ac.kr',	'2021-04-21 22:09:42',	'Y',	3,	'3b83a642-1bbd-4a2c-ae7a-6403703c9983'),
('721b983a-3f42-41a0-ad30-7bbf49399019',	'kevin7',	'4uzWjOXn92DelB+DLRFINhT/jsY10sXk9PJTulX0RDA9ogCn5KVNJ2GxeMoO8p/Hpv1RZfKQ+wQuPHphOcawRw==',	'kevin7',	'',	'2021-07-20 15:11:21',	'Y',	3,	NULL),
('72cbb603-0594-4cf3-b38b-0fd2719ef963',	'hbjs',	'TrKPCKB8swPI4J3RdDepk7r7YwWmQLd9NWU7T6ztcDoAivkw6/DKN74VrsW02WkVI6eNmdZ9R/Y65ER+rnrA7Q==',	'hbjs',	'junsu@knu.ac.kr',	'2021-04-18 16:28:40',	'Y',	2,	'4423d22b-50b7-4429-ac28-b4d0cbcf7fbc'),
('75402359-c84b-4a71-b8de-321d0586699d',	'idtest',	'TrKPCKB8swPI4J3RdDepk7r7YwWmQLd9NWU7T6ztcDoAivkw6/DKN74VrsW02WkVI6eNmdZ9R/Y65ER+rnrA7Q==',	'nickname',	'levin@knu.ac.kr',	'2021-07-19 17:31:05',	'Y',	3,	NULL),
('758d2f5c-0d8d-440a-a42a-3aea5fd96cc5',	'12312',	'TrKPCKB8swPI4J3RdDepk7r7YwWmQLd9NWU7T6ztcDoAivkw6/DKN74VrsW02WkVI6eNmdZ9R/Y65ER+rnrA7Q==',	'1233213',	'1234@knu.ac.kr',	'2021-07-19 14:14:26',	'Y',	3,	NULL),
('7dcc0400-3fb6-44cb-b951-cd9220527070',	'hbjs4',	'TrKPCKB8swPI4J3RdDepk7r7YwWmQLd9NWU7T6ztcDoAivkw6/DKN74VrsW02WkVI6eNmdZ9R/Y65ER+rnrA7Q==',	'hbjs4',	'asdf@asdf.com',	'2021-07-03 16:21:42',	'Y',	3,	'01c8dbe9-4884-44fd-ab8a-244cfc83ece4'),
('85a67213-dbf1-41cd-bafb-50b1fd1ef188',	'kevinki',	'g7uqO+Sp1P/IhhM/7erHhhgQSgVElxH82k89uJi/56braHp9Na4SRC7R9F/NEjfjcgngSLGMayUTaUy8Mi1Ufg==',	'kevinki',	'kevinkim256@knu.ac.kr',	'2021-04-21 22:02:32',	'Y',	3,	NULL),
('9d33984e-f9b1-419a-b388-44eef5b3e010',	'hbjs7',	'TrKPCKB8swPI4J3RdDepk7r7YwWmQLd9NWU7T6ztcDoAivkw6/DKN74VrsW02WkVI6eNmdZ9R/Y65ER+rnrA7Q==',	'hbjs7',	'asdf@asdf.com',	'2021-07-20 15:39:11',	'Y',	3,	'd5652df2-7b02-4994-ad6a-52ad598375dc'),
('a3fedbf4-253a-4371-9b15-061ac8456958',	'alexding8',	'TrKPCKB8swPI4J3RdDepk7r7YwWmQLd9NWU7T6ztcDoAivkw6/DKN74VrsW02WkVI6eNmdZ9R/Y65ER+rnrA7Q==',	'alexding8',	'',	'2021-07-20 14:49:50',	'Y',	3,	NULL),
('a50ac78d-46cf-4008-bd93-1af96caa8aed',	'hbjs6',	'TrKPCKB8swPI4J3RdDepk7r7YwWmQLd9NWU7T6ztcDoAivkw6/DKN74VrsW02WkVI6eNmdZ9R/Y65ER+rnrA7Q==',	'hbjs6',	'asdf@asdf.com',	'2021-07-20 13:31:28',	'Y',	3,	'2105e872-48ef-4f65-a03c-1ac72a415429'),
('b0d8b17b-e1de-4a45-98e3-635d424cf549',	'aaaa',	'2lpJVevDQiywrB03SaXIriGw6hGHUjkDswH64YrkBJNahWgSeMvtWvdM3xXiJnUZVk6i8zt7xiUS4sfkBU2I3Q==',	'aaaa',	'aaa@aaa.com',	'2021-07-01 14:53:36',	'Y',	3,	NULL),
('d8e2d6a5-2d76-4318-bc37-0485bcded496',	'alexding1',	'TrKPCKB8swPI4J3RdDepk7r7YwWmQLd9NWU7T6ztcDoAivkw6/DKN74VrsW02WkVI6eNmdZ9R/Y65ER+rnrA7Q==',	'alexding1',	'alexding1@knu.ac.kr',	'2021-07-19 17:54:48',	'N',	3,	NULL),
('e27b8491-77bd-4652-8eae-b1d07f1224da',	'kevinkim2222',	'g7uqO+Sp1P/IhhM/7erHhhgQSgVElxH82k89uJi/56braHp9Na4SRC7R9F/NEjfjcgngSLGMayUTaUy8Mi1Ufg==',	'kevin2323',	'kevinkim2586@gmail.com',	'2021-04-21 21:27:27',	'Y',	3,	NULL),
('e8876b77-3141-4f52-a9ee-7fb32de68977',	'alexding7',	'TrKPCKB8swPI4J3RdDepk7r7YwWmQLd9NWU7T6ztcDoAivkw6/DKN74VrsW02WkVI6eNmdZ9R/Y65ER+rnrA7Q==',	'alexding7',	'',	'2021-07-20 14:48:24',	'Y',	3,	NULL),
('f654022d-0216-4a10-9f0a-1d7eb7486bf9',	'qwerty',	'TrKPCKB8swPI4J3RdDepk7r7YwWmQLd9NWU7T6ztcDoAivkw6/DKN74VrsW02WkVI6eNmdZ9R/Y65ER+rnrA7Q==',	'qwerty',	'qwerty@knu.ac.kr',	'2021-07-19 17:36:32',	'Y',	3,	NULL),
('fb29d9b0-dd45-4661-a2fe-e6016bdff50e',	'kevin4',	'TrKPCKB8swPI4J3RdDepk7r7YwWmQLd9NWU7T6ztcDoAivkw6/DKN74VrsW02WkVI6eNmdZ9R/Y65ER+rnrA7Q==',	'kevin4',	'kevin4@knu.ac.kr',	'2021-07-20 15:02:58',	'Y',	3,	NULL);

TRUNCATE `user_medal_info`;
INSERT INTO `user_medal_info` (`medal_id`, `description`) VALUES
(1,	'금메달, 댓글 50회이상 등록'),
(2,	'은메달, 댓글 10회이상 등록'),
(3,	'동메달, 기본');

TRUNCATE `user_role`;
INSERT INTO `user_role` (`user_id`, `user_role_group_id`) VALUES
('3c3032ce-21b5-4905-8607-6259d1f4a642',	1),
('6a8cb443-39ad-499c-9f9f-5959ef4ae1a8',	1),
('72cbb603-0594-4cf3-b38b-0fd2719ef963',	1),
('0cbbf56c-63a3-4082-aea2-898ce9443aed',	2),
('1aa6a6ea-f52b-4496-b560-5dba4a9aad1c',	2),
('1fdba7f8-ae2e-4c87-a7bf-18e4b4fdda8b',	2),
('20f46525-f8e4-4251-b72e-35040c25bdc4',	2),
('276f73f9-8dbd-4a38-8344-331d6c5c51d1',	2),
('3389fb18-2906-440c-b380-c412b62e8a5b',	2),
('3e60357a-b4bd-44e2-b6bf-b1f7677810f3',	2),
('4103669e-e6f3-4de9-b382-1ea6875e5ec7',	2),
('4db5fe6b-7998-4557-a885-813ce3f10860',	2),
('4f8a3d7d-939c-41da-87b7-f9779e379bbc',	2),
('52bee118-ee8c-4b46-8553-996b2f623854',	2),
('5526b73a-24d2-4e0f-8246-1b05e953099c',	2),
('568f7407-a5ae-4640-b594-62c2f9a6b611',	2),
('5cc5c0bf-95ae-4c98-b886-67529b70381b',	2),
('5d88b090-044f-4291-8d71-07cac44337d2',	2),
('5f07ee1d-b53a-4836-a5a8-c0a045395c8c',	2),
('5fcfabb6-5ba6-4f03-a052-0ea4995cdfc6',	2),
('625e69c8-fefb-442e-81e7-7bc02aef6aaa',	2),
('668b682b-95d4-4d6d-bc04-aed460708d6b',	2),
('721b983a-3f42-41a0-ad30-7bbf49399019',	2),
('75402359-c84b-4a71-b8de-321d0586699d',	2),
('758d2f5c-0d8d-440a-a42a-3aea5fd96cc5',	2),
('7dcc0400-3fb6-44cb-b951-cd9220527070',	2),
('85a67213-dbf1-41cd-bafb-50b1fd1ef188',	2),
('9d33984e-f9b1-419a-b388-44eef5b3e010',	2),
('a3fedbf4-253a-4371-9b15-061ac8456958',	2),
('a50ac78d-46cf-4008-bd93-1af96caa8aed',	2),
('b0d8b17b-e1de-4a45-98e3-635d424cf549',	2),
('d8e2d6a5-2d76-4318-bc37-0485bcded496',	2),
('e27b8491-77bd-4652-8eae-b1d07f1224da',	2),
('e8876b77-3141-4f52-a9ee-7fb32de68977',	2),
('f654022d-0216-4a10-9f0a-1d7eb7486bf9',	2),
('fb29d9b0-dd45-4661-a2fe-e6016bdff50e',	2),
('4629579f-ae48-4069-ab42-c623d802465f',	3);

TRUNCATE `user_role_authority`;
INSERT INTO `user_role_authority` (`user_role_authority_id`, `user_role_group_id`, `name`, `description`, `create_permission`, `read_permission`, `update_permission`, `delete_permission`) VALUES
(100,	1,	'mail_auth',	'관리자 권한',	'Y',	'N',	'Y',	'N'),
(101,	1,	'mall',	'관리자 권한',	'Y',	'Y',	'N',	'Y'),
(102,	1,	'menu',	'관리자 권한',	'Y',	'N',	'Y',	'Y'),
(103,	1,	'notice',	'관리자 권한',	'Y',	'Y',	'Y',	'Y'),
(104,	1,	'report',	'관리자 권한',	'Y',	'Y',	'Y',	'N'),
(105,	1,	'review',	'관리자 권한',	'Y',	'Y',	'N',	'Y'),
(106,	1,	'suggestion',	'관리자 권한',	'Y',	'Y',	'N',	'N'),
(107,	1,	'admin_user',	'관리자 권한',	'Y',	'Y',	'Y',	'Y'),
(108,	1,	'dashboard',	'관리자 권한',	'N',	'Y',	'N',	'N'),
(200,	2,	'mail_auth',	'메일 비인증 사용자 권한',	'Y',	'N',	'N',	'N'),
(201,	2,	'mall',	'메일 비인증 사용자 권한',	'N',	'Y',	'N',	'N'),
(202,	2,	'menu',	'메일 비인증 사용자 권한',	'N',	'N',	'N',	'N'),
(203,	2,	'notice',	'메일 비인증 사용자 권한',	'N',	'Y',	'N',	'N'),
(204,	2,	'report',	'메일 비인증 사용자 권한',	'N',	'N',	'N',	'N'),
(205,	2,	'review',	'메일 비인증 사용자 권한',	'N',	'Y',	'N',	'N'),
(206,	2,	'suggestion',	'메일 비인증 사용자 권한',	'N',	'N',	'N',	'N'),
(207,	2,	'non_auth_user',	'메일 비인증 사용자 권한',	'Y',	'Y',	'N',	'Y'),
(208,	2,	'dashboard',	'메일 비인증 사용자 권한',	'N',	'N',	'N',	'N'),
(300,	3,	'mail_auth',	'메일 인증 사용자 권한',	'Y',	'Y',	'Y',	'Y'),
(301,	3,	'mall',	'메일 인증 사용자 권한',	'Y',	'Y',	'Y',	'Y'),
(302,	3,	'menu',	'메일 인증 사용자 권한',	'Y',	'N',	'Y',	'Y'),
(303,	3,	'notice',	'메일 인증 사용자 권한',	'N',	'Y',	'N',	'N'),
(304,	3,	'report',	'메일 인증 사용자 권한',	'N',	'Y',	'Y',	'N'),
(305,	3,	'review',	'메일 인증 사용자 권한',	'Y',	'Y',	'N',	'Y'),
(306,	3,	'suggestion',	'메일 인증 사용자 권한',	'Y',	'Y',	'N',	'N'),
(307,	3,	'auth_user',	'메일 인증 사용자 권한',	'Y',	'Y',	'Y',	'Y'),
(308,	3,	'dashboard',	'메일 인증 사용자 권한',	'N',	'N',	'N',	'N');

TRUNCATE `user_role_group`;
INSERT INTO `user_role_group` (`user_role_group_id`, `name`, `description`) VALUES
(1,	'ADMIN',	'관리자'),
(2,	'NON_AUTH_USER',	'메일 비인증 사용자'),
(3,	'AUTH_USER',	'메일 인증 사용자');

TRUNCATE `user_token`;
INSERT INTO `user_token` (`user_token_id`, `user_id`, `date_create`, `access_point`) VALUES
('05238add-f7a3-44b0-bd64-6728d128970a',	'fb29d9b0-dd45-4661-a2fe-e6016bdff50e',	'2021-07-20 15:02:58',	'PostmanRuntime/7.28.1'),
('083fbbc8-92c1-4a3f-8941-acdab990800e',	'5fcfabb6-5ba6-4f03-a052-0ea4995cdfc6',	'2021-07-20 15:02:15',	'KNU_Plate_iOS/1.0 (kevinkim.KNU-Plate-iOS; build:1; iOS 14.6.0) Alamofire/5.4.2'),
('14869561-13f8-4814-b440-e2ab6414d8a6',	'568f7407-a5ae-4640-b594-62c2f9a6b611',	'2021-07-20 15:31:47',	'KNU_Plate_iOS/1.0 (kevinkim.KNU-Plate-iOS; build:1; iOS 14.6.0) Alamofire/5.4.2'),
('164e03db-6bcc-44a1-b1a6-bd2b4a3ad135',	'85a67213-dbf1-41cd-bafb-50b1fd1ef188',	'2021-04-22 15:14:28',	'Mozilla/5.0 (Macintosh; Intel Mac OS X 10_15_7) AppleWebKit/537.36 (KHTML, like Gecko) Chrome/89.0.4389.114 Safari/537.36'),
('16e9cf4e-e969-409d-827c-56b721899b7b',	'4f8a3d7d-939c-41da-87b7-f9779e379bbc',	'2021-07-20 14:41:18',	'PostmanRuntime/7.28.1'),
('1b99c555-be62-434c-a64d-103f17efce92',	'668b682b-95d4-4d6d-bc04-aed460708d6b',	'2021-07-19 17:51:21',	'KNU_Plate_iOS/1.0 (kevinkim.KNU-Plate-iOS; build:1; iOS 14.6.0) Alamofire/5.4.2'),
('1d0a7548-5298-413c-bd16-16c6a817c0e7',	'1aa6a6ea-f52b-4496-b560-5dba4a9aad1c',	'2021-07-19 00:25:57',	'insomnia/2021.4.1'),
('2088f074-ebae-45b4-aa63-3e5e5c69cae5',	'6a8cb443-39ad-499c-9f9f-5959ef4ae1a8',	'2021-07-16 22:30:27',	'PostmanRuntime/7.28.1'),
('3ad790b6-98a0-462f-9d62-d1a6c24b17f9',	'3389fb18-2906-440c-b380-c412b62e8a5b',	'2021-07-20 14:21:59',	'Mozilla/5.0 (Macintosh; Intel Mac OS X 10_15_7) AppleWebKit/537.36 (KHTML, like Gecko) Chrome/91.0.4472.164 Safari/537.36'),
('525414cd-ed5d-4fd3-becb-60666a90c716',	'721b983a-3f42-41a0-ad30-7bbf49399019',	'2021-07-20 15:11:22',	'KNU_Plate_iOS/1.0 (kevinkim.KNU-Plate-iOS; build:1; iOS 14.6.0) Alamofire/5.4.2'),
('593ab0cf-b170-41d4-b4ae-b1a6902e97e0',	'b0d8b17b-e1de-4a45-98e3-635d424cf549',	'2021-07-18 03:32:15',	'okhttp/3.12.0'),
('8808d53d-f3e5-49d6-9889-4ae4acb4ef4a',	'5f07ee1d-b53a-4836-a5a8-c0a045395c8c',	'2021-07-20 15:08:21',	'KNU_Plate_iOS/1.0 (kevinkim.KNU-Plate-iOS; build:1; iOS 14.6.0) Alamofire/5.4.2'),
('8f06b170-9ab3-44b1-8993-b2fcbb37e8ef',	'e8876b77-3141-4f52-a9ee-7fb32de68977',	'2021-07-20 14:48:24',	'KNU_Plate_iOS/1.0 (kevinkim.KNU-Plate-iOS; build:1; iOS 14.6.0) Alamofire/5.4.2'),
('95438f88-859c-4cdf-bf61-d4feba67e408',	'9d33984e-f9b1-419a-b388-44eef5b3e010',	'2021-07-20 15:39:12',	'insomnia/2021.4.1'),
('9be0c61b-30be-48ef-b583-b8b193636684',	'72cbb603-0594-4cf3-b38b-0fd2719ef963',	'2021-07-20 15:48:09',	'insomnia/2021.4.1'),
('a6be46cd-0507-40ee-9585-1225be8c02dc',	'4629579f-ae48-4069-ab42-c623d802465f',	'2021-07-16 20:45:43',	'Mozilla/5.0 (Macintosh; Intel Mac OS X 10_15_7) AppleWebKit/537.36 (KHTML, like Gecko) Chrome/91.0.4472.114 Safari/537.36'),
('ab322440-f837-40bb-8c28-136029c8336f',	'4103669e-e6f3-4de9-b382-1ea6875e5ec7',	'2021-07-20 13:30:26',	'insomnia/2021.4.1'),
('af43849e-7796-4a73-b79c-b5e815cd3bf5',	'5526b73a-24d2-4e0f-8246-1b05e953099c',	'2021-07-20 15:00:09',	'KNU_Plate_iOS/1.0 (kevinkim.KNU-Plate-iOS; build:1; iOS 14.6.0) Alamofire/5.4.2'),
('afd06f92-11a8-486e-9e96-86633b02cfd4',	'1fdba7f8-ae2e-4c87-a7bf-18e4b4fdda8b',	'2021-07-20 15:05:05',	'KNU_Plate_iOS/1.0 (kevinkim.KNU-Plate-iOS; build:1; iOS 14.6.0) Alamofire/5.4.2'),
('cd1707e6-cc14-4fb5-9d44-19c85568d075',	'a3fedbf4-253a-4371-9b15-061ac8456958',	'2021-07-20 14:49:50',	'KNU_Plate_iOS/1.0 (kevinkim.KNU-Plate-iOS; build:1; iOS 14.6.0) Alamofire/5.4.2'),
('e4aac2fa-1219-47ea-a51d-7979653cf5d6',	'3e60357a-b4bd-44e2-b6bf-b1f7677810f3',	'2021-07-20 14:55:39',	'KNU_Plate_iOS/1.0 (kevinkim.KNU-Plate-iOS; build:1; iOS 14.6.0) Alamofire/5.4.2'),
('e67ee4a7-2996-4946-bbe0-460eeda127df',	'a50ac78d-46cf-4008-bd93-1af96caa8aed',	'2021-07-20 13:31:28',	'insomnia/2021.4.1'),
('f2aca498-5c5a-4a6c-afa4-97f6c9579b11',	'5cc5c0bf-95ae-4c98-b886-67529b70381b',	'2021-07-20 14:51:12',	'KNU_Plate_iOS/1.0 (kevinkim.KNU-Plate-iOS; build:1; iOS 14.6.0) Alamofire/5.4.2'),
('f6d845f6-a8ed-42b2-a74d-2dd29cfebc4e',	'625e69c8-fefb-442e-81e7-7bc02aef6aaa',	'2021-07-19 18:05:37',	'KNU_Plate_iOS/1.0 (kevinkim.KNU-Plate-iOS; build:1; iOS 14.6.0) Alamofire/5.4.2'),
('fedea20b-cac3-4926-bfaf-880140283eeb',	'3c3032ce-21b5-4905-8607-6259d1f4a642',	'2021-07-20 16:49:06',	'KNU_Plate_iOS/1.0 (kevinkim.KNU-Plate-iOS; build:1; iOS 14.6.0) Alamofire/5.4.2');

-- 2021-07-20 08:20:41